StartDate,EndDate,Status,Progress,Duration (in seconds),Finished,RecordedDate,ResponseId,DistributionChannel,UserLanguage,prolific_id,Q98_1,Q98_2,Q98_3,Q98_4,Q98_5,Q98_6,Q105_1,Q105_2,Q105_3,Q105_4,Q105_5,Q105_6,Q99_1,Q99_2,Q99_3,Q99_4,Q99_5,Q99_6,Q99_7,Q82_1,Q82_2,Q82_3,Q82_4,Q82_5,Q84_1,Q84_2,loneliness_1,loneliness_2,loneliness_3,loneliness_4,loneliness_5,loneliness_6,loneliness_7,loneliness_8,loneliness_9,loneliness_10,loneliness_11,loneliness_12,loneliness_13,loneliness_14,loneliness_15,loneliness_16,loneliness_17,loneliness_18,loneliness_19,loneliness_20,big5_1,big5_2,big5_3,big5_4,big5_5,big5_6,big5_7,big5_8,big5_9,big5_10,Q86_1,Q86_2,Q86_3,Q86_4,Q86_5,Q86_6,Q86_7,Q86_8,Q86_9,Q86_10,Q88_1,Q88_2,Q88_3,Q88_4,Q88_5,Q88_6,Q88_7,political_ideology,age,gender,race_eth,race_eth_5_TEXT,education,income,Random ID
11/23/21 11:50,11/23/21 11:52,0,100,130,1,11/23/21 11:52,R_2wbQuBmOtNOs5YX,anonymous,EN,A29HNN7SWL3N31,6,6,7,7,6,6,6,5,6,7,6,6,6,5,6,6,7,6,6,49,48,49,48,48,49,48,2,2,3,3,2,2,3,3,2,1,2,2,3,3,3,2,3,3,2,3,5,6,6,7,7,6,5,6,6,6,3,2,3,3,3,3,2,3,3,4,4,3,4,3,4,4,4,7,36,1,3,,4,3,64441
11/23/21 18:08,11/23/21 18:11,0,100,164,1,11/23/21 18:11,R_ThMIgx2rMLQBnXj,anonymous,EN,ATU582WJWMEL2,4,5,4,3,5,5,4,5,5,5,6,4,5,6,6,6,4,4,4,51,51,49,48,48,50,49,2,3,3,3,3,2,4,4,3,4,4,4,4,4,4,4,4,3,4,4,3,6,5,4,2,3,5,6,6,2,1,1,1,1,1,1,2,4,2,1,3,2,2,4,2,3,1,1,23,2,3,,5,5,46124
11/23/21 16:50,11/23/21 16:53,0,100,167,1,11/23/21 16:53,R_9GE5YTL15jeSZkl,anonymous,EN,A3E65QA8DZX26T,5,4,5,5,6,5,6,3,2,2,4,4,4,2,2,5,3,3,3,49,49,47,47,47,49,49,1,1,1,1,1,1,1,1,1,1,1,1,1,1,1,1,1,1,1,1,4,6,4,5,5,6,5,7,6,6,2,4,4,3,4,2,1,2,4,3,1,3,3,4,1,3,1,4,21,2,2,,4,2,98369
11/23/21 15:44,11/23/21 15:48,0,100,256,1,11/23/21 15:48,R_294IIBdtGpxDG20,anonymous,EN,A2RBVMD2HTBCZ9,4,4,5,5,5,5,4,4,4,4,4,4,4,4,4,4,4,5,4,49,48,47,47,47,48,47,2,3,2,2,1,2,3,3,1,1,2,1,4,1,4,1,2,4,4,4,7,4,4,4,7,1,6,6,4,1,2,2,4,4,1,4,4,1,4,4,1,1,1,4,1,1,1,4,33,1,3,,5,2,29791
11/23/21 15:37,11/23/21 15:41,0,100,230,1,11/23/21 15:41,R_4Uug1yLl6xCacdH,anonymous,EN,AZ2P6DGG5M6SH,6,6,6,6,6,5,4,4,5,4,4,3,2,5,4,4,3,3,3,48,49,50,48,49,48,51,2,1,2,1,1,1,1,1,1,1,1,1,1,1,1,1,1,1,1,1,1,3,2,6,4,7,5,6,4,4,3,3,3,3,2,2,4,2,3,3,5,4,4,4,3,5,3,2,35,2,2,,2,1,38175
11/23/21 15:16,11/23/21 15:20,0,100,234,1,11/23/21 15:20,R_tMWlqNWDxKQILsd,anonymous,EN,A2O486OILASFYG,5,3,3,3,5,3,5,5,6,5,5,4,3,3,3,3,5,5,5,51,49,49,48,49,51,49,4,4,4,4,4,4,4,4,4,4,4,4,4,4,4,4,4,4,4,4,5,1,6,2,5,5,6,1,6,1,1,1,1,1,3,1,2,3,1,1,2,1,1,4,2,2,1,3,48,1,3,,3,5,47295
11/23/21 15:05,11/23/21 15:13,0,100,485,1,11/23/21 15:13,R_RE5Ht6OKjFPjU9H,anonymous,EN,A39C22RIL0YJ4D,2,2,3,2,2,3,4,3,4,3,4,3,5,4,3,4,4,5,4,48,48,47,47,47,48,47,3,2,3,2,3,4,4,2,3,2,3,4,4,2,3,3,2,3,3,2,3,5,4,6,7,6,3,2,6,3,2,3,2,3,3,4,2,3,2,3,3,3,3,4,4,5,2,4,26,2,2,,5,3,39204
11/23/21 15:02,11/23/21 15:07,0,100,335,1,11/23/21 15:07,R_1DPaQhXbuIzss53,anonymous,EN,A207MWA5U0GWA5,6,7,6,6,7,7,3,5,5,3,5,5,1,5,5,7,5,4,4,49,49,49,49,49,47,53,1,2,2,2,2,2,2,2,2,1,2,1,1,2,2,2,1,1,2,2,5,1,6,5,1,2,7,5,3,1,3,3,3,3,2,3,4,2,3,2,5,2,2,4,2,5,1,1,55,1,"2,3",,3,1,69237
11/23/21 14:53,11/23/21 15:03,0,100,561,1,11/23/21 15:03,R_QmEi89ZO3hFCZDb,anonymous,EN,A1T21AFJP4COSR,5,5,2,4,4,6,4,3,3,4,4,2,4,4,2,3,6,7,2,52,52,48,47,47,50,50,3,2,3,2,2,3,3,3,3,3,3,3,3,2,2,2,2,4,3,3,6,1,5,3,7,1,7,1,5,2,1,2,2,1,3,2,3,2,2,2,1,1,2,4,1,1,2,2,33,1,3,,3,3,44550
11/23/21 14:30,11/23/21 14:37,0,100,394,1,11/23/21 14:37,R_3HZVpaV4ZmtKQ8Y,anonymous,EN,AZU9D7YLCTAYV,5,6,6,5,4,4,3,6,5,5,5,5,3,4,3,2,3,4,4,48,48,50,48,50,49,49,3,4,3,4,4,3,4,4,3,3,4,4,4,4,4,4,4,4,4,3,3,2,7,3,4,7,7,1,6,4,1,1,2,1,4,1,3,4,1,2,3,3,2,4,3,3,2,2,36,1,2,,3,2,41760
11/23/21 14:28,11/23/21 14:32,0,100,244,1,11/23/21 14:32,R_1HbN2LGY4Fil4EU,anonymous,EN,A34XULBZ8UVPMG,5,6,3,4,5,3,3,2,3,3,2,1,2,1,1,1,5,6,5,49,49,47,48,50,49,51,3,2,3,2,3,4,3,4,4,3,4,2,2,3,4,3,3,4,3,3,2,5,6,5,7,6,6,2,5,2,2,3,4,2,1,3,4,2,2,1,2,1,3,4,1,1,1,1,26,1,3,,5,2,65253
11/23/21 14:11,11/23/21 14:14,0,100,200,1,11/23/21 14:14,R_UsQVkj0O8KppNQd,anonymous,EN,A7OZPNXIVO1FX,6,7,6,7,7,7,2,1,6,2,1,1,1,6,6,6,5,5,5,53,53,47,47,47,52,47,2,3,3,2,2,2,3,3,2,3,3,2,3,3,2,2,2,1,2,3,1,2,7,7,1,7,7,6,1,7,2,2,3,3,2,2,4,2,2,3,5,4,5,4,5,5,5,1,30,1,3,,6,4,74687
11/23/21 14:07,11/23/21 14:14,0,100,414,1,11/23/21 14:14,R_3qUV5dbmtzMlb4t,anonymous,EN,A1505ZMMJAAZE1,7,7,7,7,1,1,3,4,7,7,3,3,1,1,1,1,1,1,1,53,47,53,53,53,47,53,3,2,3,2,1,2,2,2,2,1,3,1,2,2,2,2,2,1,1,1,1,2,7,5,1,7,7,1,5,5,1,2,2,2,2,1,4,2,2,1,2,5,3,4,4,5,3,7,32,1,3,,5,2,12929
11/23/21 13:41,11/23/21 13:44,0,100,182,1,11/23/21 13:44,R_2OI473R5uDhLn9L,anonymous,EN,A2R9OK4M877ZCC,4,4,4,4,4,4,4,4,4,4,4,4,5,4,4,3,5,5,5,52,49,48,48,48,49,49,4,4,4,4,4,4,4,4,4,4,4,4,4,4,4,4,4,4,4,4,7,2,7,2,7,2,6,2,6,2,1,1,1,1,1,1,1,1,1,1,1,1,1,4,1,1,1,2,33,2,"2,3",,5,4,76713
11/23/21 13:32,11/23/21 13:39,0,100,450,1,11/23/21 13:39,R_3FLsqMVkkYaTxL2,anonymous,EN,A3PZFJZ8Q17O33,6,5,4,6,5,4,3,4,4,4,3,4,3,2,4,4,3,3,4,49,48,50,50,50,48,49,3,1,3,2,1,3,1,1,1,2,2,2,2,3,2,2,3,2,3,2,2,2,2,6,4,6,4,4,3,2,3,2,1,3,3,1,4,2,2,2,1,4,3,4,3,3,3,2,31,1,1,,5,3,71392
11/23/21 13:28,11/23/21 13:33,0,100,300,1,11/23/21 13:33,R_2pVOhsYgDhodhxk,anonymous,EN,A1VIDXC2Z3KSCJ,5,5,4,5,3,2,3,5,3,5,3,5,1,1,1,1,2,2,2,47,53,51,49,48,49,52,4,2,4,3,2,4,3,2,2,3,3,2,2,4,1,1,3,1,3,1,1,7,7,6,2,6,2,1,5,6,2,1,3,2,2,2,4,2,4,2,4,4,5,4,5,5,1,3,42,1,3,,5,4,22821
11/23/21 13:21,11/23/21 13:25,0,100,263,1,11/23/21 13:25,R_3nutKTprU9FaaoQ,anonymous,EN,A3DZVN0RJGJ8XM,3,5,3,4,5,3,5,5,3,4,3,3,3,3,3,3,2,4,4,49,47,47,47,48,49,51,2,1,2,1,1,1,3,1,2,1,2,1,3,3,1,1,1,1,2,1,1,3,3,7,4,6,5,1,3,1,1,3,4,4,1,3,4,1,3,4,3,4,4,4,3,5,1,1,33,1,3,,3,1,12717
11/23/21 13:17,11/23/21 13:21,0,100,250,1,11/23/21 13:21,R_73Qwm9GrjSozyRH,anonymous,EN,AB09F0Q4T10TE,4,4,3,4,3,3,4,4,4,5,5,5,3,4,4,2,2,2,2,52,51,49,49,53,49,49,3,4,4,4,4,4,4,4,4,4,4,4,4,4,4,4,4,4,4,4,5,1,7,1,5,5,6,1,7,2,1,1,1,1,2,1,2,4,1,3,1,1,1,4,1,1,1,6,39,2,3,,3,1,10691
11/23/21 13:15,11/23/21 13:21,0,100,348,1,11/23/21 13:21,R_3FJuxigQvcBGvW4,anonymous,EN,A1W850QN9RK019,6,6,6,6,6,4,5,5,5,6,5,5,5,5,5,5,4,6,5,52,52,52,52,52,50,50,4,3,3,2,3,3,3,3,3,3,3,3,3,3,3,3,3,3,3,3,6,6,6,6,6,6,6,6,6,6,2,2,2,2,2,2,2,2,2,2,3,3,3,4,3,3,3,2,33,2,3,,5,4,60519
11/23/21 13:12,11/23/21 13:15,0,100,210,1,11/23/21 13:15,R_DDcgiBUBs0wd9df,anonymous,EN,ARQ7R97434PM2,6,4,2,6,4,6,6,3,4,2,4,6,5,2,3,2,6,4,3,52,50,48,50,49,51,49,2,1,2,2,3,2,1,2,2,2,1,3,2,1,2,2,1,3,1,2,6,4,2,4,5,2,1,4,3,6,2,1,2,2,2,2,1,2,2,1,3,2,3,4,3,2,1,4,34,2,3,,2,1,90591
11/23/21 13:10,11/23/21 13:18,0,100,506,1,11/23/21 13:18,R_STXZVbrauSNAVIR,anonymous,EN,A1J6LV7NWDKV9N,6,6,4,5,5,4,5,5,3,4,4,4,3,4,3,3,3,5,4,50,49,49,48,48,50,51,1,2,3,3,3,3,2,2,2,1,1,2,3,2,1,1,2,1,1,1,2,2,6,4,6,6,4,1,4,2,2,2,3,2,1,1,2,1,3,2,2,4,4,4,4,4,4,1,37,1,3,,5,4,58381
11/23/21 13:00,11/23/21 13:04,0,100,270,1,11/23/21 13:04,R_bfSb3lXiIqrfAZz,anonymous,EN,AAZAJDRFBDUSW,5,5,5,5,5,4,6,6,5,5,4,4,3,2,2,2,4,4,4,51,49,49,50,50,49,49,3,3,4,3,2,4,4,3,2,4,4,4,4,4,4,3,4,4,4,3,3,3,3,1,4,3,5,4,7,5,1,3,1,3,2,2,2,1,1,2,1,1,1,4,1,1,1,2,52,1,3,,3,1,15423
11/23/21 12:58,11/23/21 13:13,0,100,898,1,11/23/21 13:13,R_2c16R1M5l6ZkHYd,anonymous,EN,A169WH54HMYS5Z,6,6,7,6,5,7,5,5,4,4,4,3,4,5,4,4,6,6,2,48,48,49,48,48,49,50,3,4,4,3,2,1,1,2,2,1,1,1,2,1,2,1,1,1,1,2,6,1,6,5,5,6,7,5,6,5,1,1,1,2,3,1,2,3,1,2,1,1,1,4,1,1,2,1,63,1,3,,4,2,29285
11/23/21 12:55,11/23/21 13:01,0,100,381,1,11/23/21 13:01,R_3a7JaYPwRf35QtP,anonymous,EN,A3QZIWRRJWP1PK,5,3,3,4,5,3,3,4,3,4,4,5,1,2,2,4,3,2,2,51,50,48,49,50,49,50,3,1,3,1,2,3,3,2,3,1,2,2,3,2,2,1,3,2,2,2,1,3,4,3,3,7,5,4,5,4,1,2,2,1,3,1,1,2,2,1,3,4,4,4,1,3,2,1,40,1,3,,5,1,55955
11/23/21 12:51,11/23/21 13:02,0,100,608,1,11/23/21 13:02,R_3ENcW7tLxLHN7m1,anonymous,EN,A2OU4EI5K6LZ0Z,4,5,3,4,5,5,4,5,3,4,6,5,5,4,3,5,5,6,3,52,49,48,48,49,51,49,2,3,2,1,2,1,4,2,3,2,3,3,2,1,2,2,3,3,2,1,6,4,6,1,7,5,7,4,7,1,2,3,3,4,2,3,3,2,4,2,2,1,1,4,2,1,1,6,46,2,2,,6,3,81233
11/23/21 12:51,11/23/21 12:59,0,100,430,1,11/23/21 12:59,R_b7mRJnt8JScgSZj,anonymous,EN,AM6LBRUS3YR0L,5,6,5,4,6,6,2,5,5,5,3,5,1,2,2,1,3,5,3,51,49,49,48,48,49,51,3,1,3,1,2,3,1,1,1,4,2,2,3,3,1,3,4,1,4,2,1,6,6,2,6,7,6,2,6,2,1,1,2,2,2,2,1,2,2,2,1,2,1,4,1,2,1,4,63,1,3,,6,2,67333
11/23/21 12:50,11/23/21 12:53,0,100,173,1,11/23/21 13:08,R_3GcBfVJxlbvJPOB,anonymous,EN,A3BWZ6V34W8SXX,7,7,7,7,7,7,5,6,7,7,7,7,6,6,6,4,6,7,7,52,48,48,48,48,49,49,4,4,4,4,4,4,4,4,4,4,4,4,4,4,4,4,4,4,4,4,5,1,7,1,6,6,7,1,6,1,1,1,1,1,4,1,1,4,1,1,1,1,1,4,1,1,1,4,28,1,4,,5,3,89223
11/23/21 12:48,11/23/21 12:54,0,100,378,1,11/23/21 12:54,R_1qaFrEf4p8ASmPN,anonymous,EN,AFWJ8KSPU1T3K,7,7,7,7,7,7,6,6,6,6,6,6,7,7,7,7,7,7,7,48,48,48,47,48,47,52,3,4,2,2,3,4,4,4,4,4,3,4,4,4,4,3,4,4,4,4,7,1,7,2,7,6,7,2,6,1,1,1,1,1,4,1,2,4,2,1,1,1,1,4,1,1,1,2,60,2,3,,4,2,20696
11/23/21 12:45,11/23/21 12:49,0,100,269,1,11/23/21 12:49,R_3MLna4S53x6eRG6,anonymous,EN,A16K7X677N4WN6,7,7,7,7,1,1,1,2,2,2,1,7,1,1,1,1,4,2,2,48,48,49,49,50,48,52,4,4,4,4,4,4,4,4,4,4,4,4,4,4,4,4,4,4,4,4,1,1,7,1,7,7,7,1,7,1,1,1,1,1,4,1,1,4,1,1,4,4,4,4,4,4,1,2,35,2,3,,6,5,87225
11/23/21 12:35,11/23/21 12:40,0,100,277,1,11/23/21 12:40,R_3NI1RhBO5tWbZgo,anonymous,EN,A2T6PX7CHWLQAS,5,3,2,2,3,6,4,5,5,3,2,5,3,2,2,1,5,3,4,52,52,49,48,49,51,49,3,4,4,3,3,4,3,2,1,4,3,3,2,3,2,3,3,3,4,2,1,5,7,2,7,7,6,2,6,2,1,1,2,1,1,2,3,2,3,1,3,2,3,4,3,4,2,4,46,2,3,,3,3,79243
11/23/21 12:33,11/23/21 12:41,0,100,455,1,11/23/21 12:41,R_3IXE9KoE8CSNcza,anonymous,EN,A3IS08UMHHOZW8,4,7,6,6,6,6,4,4,4,4,6,6,4,5,5,4,6,6,6,52,52,52,50,47,51,51,2,3,1,3,3,3,4,4,4,4,4,4,3,4,4,4,2,4,4,3,7,1,7,4,7,4,7,1,6,1,1,1,1,4,4,2,2,4,1,1,2,2,2,4,4,2,2,6,25,2,1,,5,1,66197
11/23/21 12:27,11/23/21 12:32,0,100,305,1,11/23/21 12:32,R_3hchMWMXqmv71Se,anonymous,EN,A39UNTUXW8XO8T,3,3,3,4,4,4,3,4,4,4,4,4,5,5,5,4,3,3,3,49,51,49,49,49,51,49,4,4,4,4,4,4,4,4,4,4,4,4,4,4,4,4,4,4,4,4,6,2,6,2,6,2,5,5,6,2,1,1,1,1,4,1,1,4,1,1,1,1,1,4,1,1,1,4,38,2,3,,6,5,95738
11/23/21 12:26,11/23/21 12:33,0,100,404,1,11/23/21 12:33,R_23OUx5GkXZokpgJ,anonymous,EN,A1QIPM8NC37VAL,5,5,4,4,5,5,4,3,3,3,2,2,4,2,2,1,4,2,5,50,51,51,53,49,48,52,3,2,3,2,2,3,1,1,2,3,3,1,2,3,2,3,3,4,3,2,1,1,6,2,5,6,6,2,6,2,1,1,3,2,2,3,4,3,2,2,1,1,1,4,1,1,1,4,45,2,3,,2,1,71283
11/23/21 12:25,11/23/21 12:30,0,100,255,1,11/23/21 12:30,R_3J1U9sFKYmohgMM,anonymous,EN,A39D2O58VQ5GMO,4,5,5,4,3,3,4,6,5,4,5,5,5,1,1,1,4,4,4,47,53,53,53,53,53,47,4,4,4,4,4,4,4,3,4,4,4,3,4,4,4,4,4,4,4,4,7,5,5,6,6,1,7,4,4,1,2,3,2,2,3,3,4,4,1,2,1,1,2,4,1,1,1,1,28,1,4,,3,1,46260
11/23/21 12:24,11/23/21 12:29,0,100,297,1,11/23/21 12:29,R_3fpIGstQSlXyBnK,anonymous,EN,A1Z12SGB1WMXHK,4,5,4,5,5,5,4,6,5,5,4,4,4,4,4,3,4,5,5,49,48,50,49,50,50,50,3,4,3,3,4,4,4,4,4,4,4,4,4,3,4,4,4,4,4,4,4,4,5,2,5,4,6,4,6,4,1,1,1,1,3,1,2,3,1,1,3,2,2,4,1,1,1,5,40,2,3,,4,5,26170
11/23/21 12:23,11/23/21 12:29,0,100,351,1,11/23/21 12:29,R_Om5BhEFzQMjuy8V,anonymous,EN,A5Q2CMQMYG1IK,4,7,6,7,6,6,3,4,4,4,3,4,5,4,4,4,5,5,5,49,50,47,47,48,50,50,4,4,4,4,3,4,4,4,4,4,4,4,4,4,4,4,4,4,4,4,7,1,7,2,7,4,7,1,6,1,1,1,2,1,3,1,2,3,1,1,2,1,1,4,1,1,1,5,29,1,2,,4,1,71133
11/23/21 12:20,11/23/21 12:25,0,100,283,1,11/23/21 12:25,R_Ah9Z1qaEn50a969,anonymous,EN,A1KZ0KE93WNN5O,4,5,5,4,5,5,4,6,6,6,5,5,3,3,4,1,1,1,1,50,50,50,50,50,49,49,4,2,4,4,4,4,4,4,4,4,4,4,4,4,3,4,4,4,4,3,6,5,6,1,7,1,6,5,6,1,1,1,1,1,3,1,1,3,1,1,4,1,1,4,2,1,1,4,54,1,3,,3,5,31480
11/23/21 12:19,11/23/21 12:24,0,100,271,1,11/23/21 12:24,R_3G87f3HCek6q0JZ,anonymous,EN,AIA7RZSAONU5M,6,5,6,6,5,5,2,4,3,4,4,3,2,2,1,1,3,4,4,49,47,49,49,48,47,53,4,4,4,4,3,4,4,3,3,4,4,2,3,4,3,3,4,2,4,2,2,6,5,7,6,7,4,5,1,1,3,3,3,3,1,2,4,2,1,2,5,4,4,4,3,5,3,1,36,1,3,,5,2,36148
11/23/21 12:19,11/23/21 12:31,0,100,750,1,11/23/21 12:31,R_3RkiPet8qGD1g1h,anonymous,EN,AS8JG1LSWTMGY,4,5,5,5,3,4,4,3,3,4,2,2,5,5,4,4,4,6,5,50,48,49,48,50,49,51,4,3,4,3,2,4,3,2,2,2,1,4,3,4,3,3,2,3,4,4,1,2,7,1,7,7,6,4,6,7,1,3,1,2,4,1,3,4,1,1,3,1,2,4,1,2,1,7,72,2,3,,3,1,95828
11/23/21 12:15,11/23/21 12:22,0,100,428,1,11/23/21 12:22,R_23ZQqVxky31AVlR,anonymous,EN,A1DKS1KI6S93HF,5,5,4,5,4,3,3,5,6,6,5,5,6,6,5,5,5,5,5,48,48,49,48,48,48,49,3,4,3,4,4,3,4,4,3,4,4,4,3,4,4,4,4,4,4,4,6,1,7,1,6,5,6,1,7,5,1,1,1,1,4,1,1,4,1,1,1,1,1,4,1,1,1,2,66,2,3,,5,2,47572
11/23/21 12:15,11/23/21 12:18,0,100,197,1,11/23/21 12:18,R_0NubTCe8saUliU1,anonymous,EN,A1ACXKVOUQ19DX,5,6,7,7,4,5,5,6,5,6,6,6,3,3,2,2,5,5,5,50,49,49,48,51,50,50,3,2,3,3,3,4,4,4,2,3,4,2,2,3,3,2,4,1,3,3,2,1,6,5,5,6,6,5,3,5,1,2,1,3,2,1,3,3,1,3,3,3,4,4,1,2,1,1,36,1,3,,2,1,44392
11/23/21 12:15,11/23/21 12:23,0,100,497,1,11/23/21 12:23,R_31dB6Uay063zeSf,anonymous,EN,APL91ALK40HL6,5,5,6,5,4,5,2,5,5,5,3,3,2,1,1,1,5,5,5,51,49,49,49,51,49,51,3,3,4,3,3,3,3,4,3,3,4,3,4,3,4,4,4,2,3,3,1,3,6,3,6,7,6,3,6,2,2,2,2,2,4,2,2,4,2,1,4,5,4,4,2,4,2,3,35,1,3,,3,2,87880
11/23/21 12:14,11/23/21 12:18,0,100,263,1,11/23/21 12:18,R_0PSxJnBWzmFml9f,anonymous,EN,A27OXXF9NU2UZH,7,6,6,6,3,3,5,7,6,6,6,6,5,1,1,1,3,3,3,48,48,51,51,51,48,52,4,4,4,4,4,4,4,4,4,4,4,4,4,4,4,4,4,4,4,4,3,1,6,1,6,6,7,3,7,1,1,1,1,1,4,1,1,4,1,1,1,1,1,4,1,1,1,2,43,1,3,,5,3,67639
11/23/21 12:13,11/23/21 12:18,0,100,308,1,11/23/21 12:18,R_3p9bf5ByFeG3a07,anonymous,EN,A10LC8N32VVVV,6,6,6,6,6,6,2,2,2,2,2,2,6,7,7,7,3,5,3,48,48,48,48,48,48,48,1,1,1,1,1,1,1,1,1,1,1,1,1,1,1,1,1,1,1,1,2,2,2,6,7,6,7,5,2,1,1,1,3,2,3,2,1,2,4,1,4,2,4,4,4,2,2,1,49,2,4,,5,2,35629
11/23/21 12:13,11/23/21 12:20,0,100,412,1,11/23/21 12:20,R_3NvTlo2r2cnAJtx,anonymous,EN,AQJWO4YPR3LUQ,5,6,6,5,5,3,3,2,4,4,3,2,1,1,1,1,4,5,4,49,48,51,48,50,47,53,4,4,4,4,4,4,4,4,4,4,4,4,4,4,4,4,4,2,4,4,1,5,7,7,7,7,5,1,3,1,1,1,1,1,3,1,1,3,1,1,3,4,3,4,2,2,2,4,41,1,3,,3,1,69801
11/23/21 12:11,11/23/21 12:24,0,100,757,1,11/23/21 12:24,R_2WwKK8nCyyUj2pX,anonymous,EN,AIJIWIBFAT2DG,4,5,4,4,6,3,1,5,5,4,2,2,4,3,4,5,3,4,3,49,50,47,48,50,49,49,2,2,3,3,2,2,3,3,2,3,3,3,2,4,2,3,3,2,4,2,5,2,6,5,6,5,7,5,6,4,2,2,1,2,2,2,2,3,2,1,1,2,1,4,1,3,3,3,33,2,3,,6,2,77888
11/23/21 12:08,11/23/21 12:14,0,100,343,1,11/23/21 12:14,R_2YRpEsdsQ2II2mu,anonymous,EN,AIPHY5AUGR6CG,5,2,4,4,6,1,4,7,4,4,5,7,1,1,1,1,1,1,1,49,49,49,49,50,51,49,4,4,4,4,4,4,4,4,4,4,4,4,4,4,4,4,4,1,4,4,2,7,6,2,7,1,3,2,5,7,1,1,1,1,4,1,4,4,1,1,5,5,5,4,1,5,1,1,28,2,3,,3,1,44723
11/23/21 12:07,11/23/21 12:14,0,100,408,1,11/23/21 12:14,R_3iOpaTmLbUUmZQD,anonymous,EN,A1C27K2DKIGN4G,4,4,5,4,2,2,4,3,4,4,2,2,4,2,2,2,2,5,5,52,48,50,49,49,48,52,3,3,3,3,3,4,4,4,3,4,4,4,3,4,3,4,4,2,3,3,2,2,5,2,6,4,5,1,6,2,1,1,1,2,3,1,1,3,1,2,1,3,2,4,1,2,2,2,62,1,3,,5,3,22709
11/23/21 12:06,11/23/21 12:10,0,100,232,1,11/23/21 12:10,R_30dEvlNuNBV0sNk,anonymous,EN,A3MQIWEN8M5N1Z,4,3,3,2,5,6,6,6,4,4,5,5,2,3,3,2,2,1,2,50,49,50,51,51,50,50,3,2,3,4,4,4,3,3,3,3,3,3,4,4,3,2,3,2,3,4,3,1,6,4,7,6,6,5,5,1,1,1,1,1,1,1,4,3,1,3,3,3,1,4,2,4,3,3,51,2,3,,5,1,64952
11/23/21 12:06,11/23/21 12:18,0,100,726,1,11/23/21 12:18,R_T25d0VPLy1z8Sbv,anonymous,EN,A2CS67AX8RPJUB,4,4,5,6,3,6,4,3,5,4,5,4,1,1,2,1,4,1,3,48,49,47,47,47,51,50,1,2,2,1,1,1,3,2,2,1,2,3,3,1,1,2,1,1,1,1,1,2,7,4,6,7,6,2,4,2,4,4,4,4,1,2,4,2,4,2,3,4,3,4,2,3,4,1,27,1,3,,2,1,10769
11/23/21 12:06,11/23/21 12:10,0,100,243,1,11/23/21 12:10,R_1NqPEaR3AeEWIGc,anonymous,EN,A3TXLDTWZKFA38,5,6,5,4,5,5,4,5,3,4,3,4,6,5,4,4,5,5,4,48,49,48,48,49,49,48,3,4,4,4,4,4,4,4,3,4,3,4,4,4,3,3,3,4,4,3,4,4,4,4,3,3,4,3,4,4,2,1,2,2,3,2,1,4,1,2,1,1,1,4,2,1,2,7,28,1,3,,5,3,56295
11/23/21 12:03,11/23/21 12:11,0,100,454,1,11/23/21 12:11,R_1IhKo9t7rrKYXaw,anonymous,EN,A7WJHRZ37HC66,4,6,5,6,5,5,4,5,5,5,4,4,3,2,2,4,3,3,3,50,48,52,49,49,50,50,2,2,3,2,2,3,3,3,3,3,3,3,3,3,2,3,3,2,3,3,5,3,6,3,5,6,6,2,4,4,2,3,3,3,1,3,3,2,3,3,2,1,1,4,1,2,3,4,41,1,3,,3,1,94682
11/23/21 12:02,11/23/21 12:10,0,100,473,1,11/23/21 12:10,R_AFinN4IaidCLEkN,anonymous,EN,A1SOWFKMH0QYUB,1,2,2,4,2,1,2,2,3,4,2,2,3,3,1,1,2,5,5,53,48,51,51,51,51,49,2,1,2,2,2,2,2,3,3,2,2,3,3,3,3,2,3,2,3,3,5,1,7,2,5,3,7,1,6,1,1,1,1,1,4,1,1,4,1,2,3,3,4,4,3,2,2,2,40,1,3,,3,2,11244
11/23/21 12:02,11/23/21 12:08,0,100,356,1,11/23/21 12:08,R_1d9RJTC2roIETT3,anonymous,EN,A2G7XPM051Q1XB,6,6,4,5,5,4,6,4,7,6,5,4,3,5,3,3,3,3,3,52,48,48,51,50,49,51,1,3,4,4,2,3,3,3,3,3,3,3,3,3,3,3,3,3,3,3,3,5,5,5,5,6,6,1,6,4,1,1,2,2,4,1,1,3,1,2,1,2,1,4,1,1,2,2,50,1,3,,2,2,34424
11/23/21 12:02,11/23/21 12:09,0,100,425,1,11/23/21 12:09,R_3MR3aQJAvilx230,anonymous,EN,A3EKKEZ21SGJEC,5,4,5,3,3,5,2,4,3,4,3,3,3,2,4,4,5,5,5,49,48,49,48,49,49,50,3,3,3,3,2,4,4,3,2,3,4,3,3,3,2,3,4,2,3,3,3,1,7,5,6,7,7,1,5,2,1,1,1,1,3,1,1,4,1,1,2,2,2,4,1,2,2,6,55,1,3,,3,2,52289
11/23/21 12:01,11/23/21 12:06,0,100,244,1,11/23/21 12:06,R_Xhz2mkqlg6k1ayl,anonymous,EN,A85NRZR9RYCUS,6,6,5,5,7,6,4,5,6,4,4,4,3,3,3,2,2,5,5,49,48,49,48,48,48,52,4,4,4,4,4,4,4,4,4,4,4,4,4,4,4,4,4,4,4,4,2,2,7,2,5,6,7,1,7,2,2,2,1,1,3,1,1,3,1,1,1,1,1,4,1,1,1,6,34,2,3,,5,3,81026
11/23/21 12:01,11/23/21 12:03,0,100,88,1,11/23/21 12:03,R_SJiK7wvKQikRNyp,anonymous,EN,A13O22EMG5ZVN0,4,4,5,4,3,5,3,4,4,5,4,5,4,3,4,5,5,4,5,50,50,50,51,49,50,51,2,2,4,4,3,4,3,3,2,3,3,2,3,2,2,2,3,1,2,3,3,4,4,5,3,5,4,5,5,4,3,2,3,3,1,2,3,3,3,2,2,3,3,4,3,3,4,4,21,2,4,,4,1,88677
11/23/21 12:01,11/23/21 12:05,0,100,232,1,11/23/21 12:05,R_2Pu7cGUDT4guif9,anonymous,EN,A13OHDWN9XSCIG,4,6,5,4,6,6,3,4,4,4,1,1,4,3,1,1,5,6,6,49,47,49,49,49,50,52,2,1,2,2,1,1,1,1,2,2,1,2,4,3,1,2,2,4,4,1,1,1,7,1,7,7,7,1,7,1,1,1,1,1,1,1,1,4,2,1,1,3,1,4,1,3,4,4,46,1,3,,5,3,60281
11/23/21 11:58,11/23/21 12:04,0,100,375,1,11/23/21 12:04,R_yJ7igfm9zngOihX,anonymous,EN,A2Y0WNHMT4PZ4C,4,5,5,5,6,6,3,5,5,5,4,4,5,5,4,3,4,5,5,51,48,50,50,50,49,50,4,4,4,4,4,4,4,4,4,4,4,4,4,4,4,4,4,4,4,4,6,1,7,1,6,1,7,1,7,4,1,1,1,1,4,1,1,4,1,1,1,1,1,4,1,1,1,6,54,2,3,,3,3,97296
11/23/21 11:57,11/23/21 12:01,0,100,205,1,11/23/21 12:01,R_1OpLvNQZITm2UJm,anonymous,EN,AO71E3MTYDM8L,7,6,4,5,6,6,5,2,5,5,6,6,3,1,6,7,5,5,5,49,48,48,47,48,49,49,2,1,2,1,1,1,1,1,1,1,1,1,1,2,1,1,1,1,1,1,1,6,5,7,5,7,5,6,1,1,4,4,4,4,4,4,4,4,4,4,5,5,5,4,5,5,5,2,21,1,3,,3,1,41659
11/23/21 11:57,11/23/21 12:01,0,100,238,1,11/23/21 12:01,R_22VcGzVL0tLaPYF,anonymous,EN,A1J4INYRDDX84W,3,5,4,4,5,2,2,2,4,4,2,4,2,2,3,2,2,5,3,49,50,49,48,48,49,51,2,1,3,1,1,2,2,2,2,2,3,1,2,3,2,2,3,2,2,2,6,5,7,6,6,6,6,6,6,1,2,2,2,1,2,1,1,1,2,3,2,3,2,4,2,3,1,4,50,1,"2,3",,3,3,32634
11/23/21 11:57,11/23/21 12:02,0,100,301,1,11/23/21 12:02,R_3KOVpgJh1sCJiMf,anonymous,EN,A219VCQZADQ45W,5,5,5,5,5,4,3,4,3,4,4,3,4,4,4,4,4,4,5,50,48,51,50,50,48,52,4,4,4,4,4,4,4,4,4,4,4,4,4,4,4,4,4,4,4,4,5,1,7,1,5,2,7,2,7,4,1,1,1,1,4,1,1,4,1,1,1,1,1,4,1,1,1,6,69,1,3,,5,3,99572
11/23/21 11:57,11/23/21 12:06,0,100,545,1,11/23/21 12:06,R_3EBdKI2SHsuUZtD,anonymous,EN,A8TOXZCLDP72G,5,6,6,5,4,5,3,4,4,4,3,3,3,2,2,1,4,4,4,53,47,49,51,50,49,50,3,3,2,3,3,2,4,4,3,4,4,3,4,4,4,4,4,4,4,4,1,2,6,3,4,7,7,1,5,4,1,1,2,1,2,1,1,3,2,2,1,1,1,4,1,1,1,7,50,1,3,,2,3,96474
11/23/21 11:56,11/23/21 12:00,0,100,221,1,11/23/21 12:00,R_1NgKCYepiDhuwR4,anonymous,EN,A2XS2OFYZKF9UW,6,5,6,5,5,5,4,5,5,5,5,5,3,3,5,4,5,5,5,50,49,49,49,49,50,50,3,2,3,3,3,3,3,2,3,2,3,3,3,3,3,2,3,3,3,2,2,2,5,2,4,6,6,3,6,4,2,1,2,1,3,1,2,3,2,1,1,1,2,4,2,2,3,4,32,2,3,,5,3,69641
11/23/21 11:56,11/23/21 12:01,0,100,333,1,11/23/21 12:01,R_aaUNv6u0z6D91dv,anonymous,EN,A1UZN21EAN1HZ4,5,5,6,6,3,5,3,4,3,5,3,3,5,4,5,3,3,2,2,51,48,49,49,49,49,49,2,2,3,2,1,3,2,2,1,2,2,3,2,2,1,2,3,3,3,2,6,2,6,3,3,2,6,2,6,3,1,1,1,1,4,1,1,4,1,1,2,2,2,4,1,1,1,3,54,1,3,,3,1,70196
11/23/21 11:53,11/23/21 12:00,0,100,401,1,11/23/21 12:00,R_2fqhKmghfdViCKt,anonymous,EN,A1K2R6FBPUA5TQ,5,4,5,5,6,6,1,4,3,4,3,2,3,2,2,5,5,4,5,52,47,52,49,49,49,50,2,4,3,3,4,4,4,4,4,3,4,4,4,3,4,4,3,1,3,3,2,2,6,1,7,7,6,1,6,1,1,2,1,1,4,1,2,4,1,1,1,1,1,4,1,2,2,2,37,1,3,,5,2,92788
11/23/21 11:52,11/23/21 11:57,0,100,263,1,11/23/21 11:57,R_vjGM7OWlkbNB9pT,anonymous,EN,AMLE1FC3SQVL8,5,4,3,3,2,3,2,5,6,6,5,4,2,2,4,3,3,5,3,49,49,48,48,48,49,51,2,1,2,1,2,2,2,1,2,1,2,1,2,3,2,2,2,2,2,1,1,5,3,6,5,7,5,6,2,5,2,3,3,2,2,1,4,2,2,3,4,4,3,4,3,4,2,2,25,2,5,pacific islander,5,1,76520
11/23/21 11:52,11/23/21 11:58,0,100,363,1,11/23/21 11:58,R_3FOMnEy3GGzqyaQ,anonymous,EN,A3Z014JO91RTM,6,6,5,5,5,5,3,4,3,4,3,3,4,2,2,1,5,5,5,51,49,51,49,49,50,50,4,4,4,4,4,3,4,4,4,4,4,4,4,4,4,4,4,4,4,4,3,3,7,7,3,6,7,1,3,2,1,1,1,1,3,1,2,3,1,1,1,1,1,4,1,1,1,5,42,1,3,,5,3,30963
11/23/21 11:52,11/23/21 11:58,0,100,381,1,11/23/21 11:58,R_2Vkgc9n4Iy99fwy,anonymous,EN,A3D8ZG1VV5FO35,5,3,5,4,2,2,4,6,6,5,4,4,3,4,4,5,2,4,4,49,49,47,47,48,49,51,3,4,4,4,3,2,4,4,4,3,4,1,3,3,4,3,4,3,1,3,2,1,6,4,5,5,6,1,4,3,1,1,1,1,3,2,4,3,1,1,2,1,1,4,1,1,1,3,56,1,3,,5,3,53651
11/23/21 11:50,11/23/21 11:55,0,100,251,1,11/23/21 11:55,R_3rPbTOTTGVNgRFu,anonymous,EN,A2E3LKD3ELOED6,7,7,7,7,7,4,1,4,1,4,3,3,4,4,4,3,3,6,6,47,47,47,47,47,50,50,2,2,3,3,3,2,3,4,4,4,4,4,4,3,3,3,3,2,3,3,5,1,7,1,7,4,7,1,7,7,1,1,1,1,4,1,1,4,2,1,1,1,1,4,1,1,1,4,24,1,3,,3,2,44137
11/23/21 11:50,11/23/21 11:58,0,100,482,1,11/23/21 11:58,R_qw6qM4a9BeRfgyt,anonymous,EN,A2I3IM3RJO2OL0,5,6,6,6,6,6,4,5,6,6,5,3,4,6,6,6,5,6,6,50,48,49,48,48,49,49,2,2,3,2,2,2,3,3,3,2,2,3,2,2,2,2,2,2,2,2,5,5,6,5,6,2,6,2,5,2,2,2,2,3,2,3,3,2,3,3,2,2,1,4,2,2,3,4,66,1,3,,5,2,58096
11/23/21 11:49,11/23/21 11:56,0,100,381,1,11/23/21 11:56,R_2q8UO6OVLVEd8Di,anonymous,EN,AQ7K7JKQ8QG84,4,4,4,4,5,4,4,5,4,4,4,4,1,1,1,1,4,2,2,49,49,49,51,51,49,50,3,4,4,3,4,4,4,4,4,4,4,4,4,4,4,4,4,2,4,4,1,4,6,6,2,7,6,5,5,7,1,2,1,1,2,1,2,3,1,2,2,5,3,4,2,5,3,4,39,1,3,,2,1,49225
11/23/21 11:49,11/23/21 11:55,0,100,350,1,11/23/21 11:55,R_1NmDnp9a7jZc80d,anonymous,EN,A2O8I5KDFW41DO,5,6,3,2,1,1,2,4,2,2,5,5,1,1,1,1,2,1,1,52,52,53,49,50,53,53,4,4,4,4,1,1,3,2,2,3,3,4,1,4,2,3,4,1,4,1,1,6,4,1,4,7,1,4,7,4,2,2,4,2,1,1,1,1,1,2,4,3,1,4,1,3,2,4,42,2,4,,5,1,33048
11/23/21 11:48,11/23/21 11:52,0,100,272,1,11/23/21 11:52,R_1jQi4FiqCAXilSX,anonymous,EN,A5XQ30GQTHHK6,5,4,5,5,5,4,3,4,5,5,3,3,3,2,3,2,5,5,4,51,48,48,49,51,49,50,4,4,4,3,3,4,4,4,3,3,4,4,3,4,3,4,4,3,4,4,6,2,5,2,6,3,5,2,6,1,1,2,1,1,4,1,2,4,1,1,1,1,1,4,1,1,2,3,49,1,3,,5,4,55294
11/23/21 11:48,11/23/21 11:51,0,100,170,1,11/23/21 11:51,R_db2IUhpxKiRArFD,anonymous,EN,A2JM1IVEZCXX3U,4,5,4,4,3,3,4,4,5,5,5,5,1,4,1,1,2,4,3,49,49,51,53,53,48,51,2,3,3,3,3,4,4,4,2,4,4,4,4,4,3,3,3,1,4,3,1,5,7,2,5,7,1,1,5,6,2,3,2,3,2,3,4,3,2,3,1,1,1,4,1,2,1,4,32,2,3,,3,1,37435
11/23/21 11:48,11/23/21 11:53,0,100,281,1,11/23/21 11:53,R_PSaA293ntBD6OWZ,anonymous,EN,AL5MR5NR0VYFI,5,6,5,5,4,5,4,3,5,5,4,4,3,3,3,2,5,5,5,50,51,51,48,50,52,50,3,3,4,4,3,3,4,3,3,4,4,3,3,4,4,4,3,3,4,4,2,2,6,2,5,5,5,2,6,4,1,1,1,1,3,1,1,3,1,1,1,1,1,4,1,1,1,3,50,2,4,,6,5,88538
11/23/21 11:47,11/23/21 11:53,0,100,346,1,11/23/21 11:53,R_2drOjkoch7AG2eE,anonymous,EN,AFH2OHPQSO6SS,5,5,5,4,4,4,3,5,5,3,3,3,3,4,2,4,5,6,4,50,48,49,49,50,48,51,3,3,3,4,4,4,4,4,4,3,4,2,2,2,4,2,3,1,3,3,2,1,4,6,6,5,7,5,4,1,2,1,2,2,3,2,2,3,1,1,5,4,4,4,5,4,4,1,24,1,3,,3,1,55825
11/23/21 11:47,11/23/21 11:53,0,100,337,1,11/23/21 11:53,R_5hgrnlrsHtogahb,anonymous,EN,A337ZAE3L0QE4V,5,4,5,4,5,6,3,6,5,4,5,5,2,4,5,3,5,4,3,49,48,52,49,49,48,51,2,4,3,4,3,3,4,4,3,3,4,4,4,3,3,4,3,2,3,2,6,2,7,5,6,4,7,1,4,1,1,1,1,1,4,1,1,4,1,1,1,2,2,4,1,1,2,7,41,1,3,,3,2,86815
11/23/21 11:47,11/23/21 11:51,0,100,233,1,11/23/21 11:51,R_2teWQk3QRmEKCc6,anonymous,EN,A19Z68L0RHQVWL,5,6,6,6,5,6,3,2,4,5,2,2,5,6,5,5,5,6,5,48,49,49,48,48,48,51,4,4,4,4,4,4,4,4,4,4,4,4,4,4,4,4,4,4,4,4,3,1,7,1,6,7,7,3,7,6,1,1,1,1,4,1,1,4,1,1,1,1,1,4,1,1,1,4,37,1,3,,4,3,28569
11/23/21 11:47,11/23/21 11:52,0,100,318,1,11/23/21 11:52,R_1Kyjv9iYyZCn6ZA,anonymous,EN,A2EK1HDV4I4GSK,5,6,4,5,6,5,4,5,4,6,3,5,5,6,6,4,4,5,5,50,52,52,51,52,53,52,2,3,3,4,4,3,4,4,3,3,4,4,4,4,4,3,4,3,3,4,5,2,7,1,5,4,7,5,7,4,1,1,1,1,4,1,1,4,2,2,1,1,1,4,1,1,2,4,51,2,3,,4,3,34419
11/23/21 11:47,11/23/21 11:51,0,100,262,1,11/23/21 11:51,R_Z8K55FJVa0Sh0HL,anonymous,EN,A3UC8KZ5O8FVX9,6,5,6,5,5,5,3,6,7,7,3,3,2,2,2,1,2,5,5,49,49,49,48,49,49,51,2,3,3,3,3,3,4,4,3,3,4,4,3,3,3,3,3,3,3,3,6,5,6,3,6,2,6,5,6,2,1,1,1,1,3,2,2,3,1,1,1,1,1,4,1,1,2,2,35,1,3,,3,1,95909
11/23/21 11:47,11/23/21 11:52,0,100,333,1,11/23/21 11:52,R_Ao1y1KoeWnL6Aet,anonymous,EN,A1X2NKYJNHB1A5,5,5,6,4,4,3,3,4,5,4,4,4,2,1,1,1,4,4,4,50,49,49,48,50,49,49,3,4,4,4,3,3,4,4,3,3,4,4,4,4,3,4,4,3,4,3,6,2,6,2,5,2,7,1,7,2,1,2,1,2,4,1,3,4,1,2,1,1,1,4,2,1,1,6,46,1,3,,4,1,89499
11/23/21 11:45,11/23/21 11:48,0,100,176,1,11/23/21 11:48,R_3kzIDTYggTJMmp6,anonymous,EN,A1119SJKNGQ0J4,6,5,4,5,5,5,6,6,5,5,5,4,5,5,4,4,4,4,4,48,48,48,49,49,48,49,4,2,3,3,2,2,2,2,3,3,3,3,3,4,2,2,3,3,2,2,5,3,5,4,4,5,6,2,6,4,2,3,3,3,3,2,3,2,2,2,2,2,3,4,3,1,2,4,37,1,4,,3,2,64351
11/23/21 11:45,11/23/21 11:49,0,100,267,1,11/23/21 11:49,R_3fK6vvjdrUEt0l7,anonymous,EN,A1Q9GPUCKQSEN9,4,5,5,5,4,5,3,3,4,4,1,2,3,1,1,1,3,4,5,49,49,48,48,49,49,50,4,2,3,3,2,4,3,3,2,3,4,3,2,3,1,3,4,4,3,3,5,4,7,6,6,5,5,4,5,3,2,1,1,1,3,2,1,3,1,2,1,1,1,4,2,1,1,1,36,1,3,,6,3,69074
11/23/21 11:44,11/23/21 11:46,0,100,163,1,11/23/21 11:46,R_294YPAF8qIkdStu,anonymous,EN,AGG6I61OP7MXT,5,6,6,5,5,5,5,6,6,5,5,5,5,5,3,3,4,5,5,52,48,48,48,48,48,49,4,4,4,4,3,3,4,4,4,4,4,4,4,4,4,3,3,4,4,4,6,3,6,3,6,2,6,2,3,2,1,1,2,2,4,1,4,4,1,1,1,1,1,4,1,1,1,6,28,1,3,,4,3,15945
11/23/21 11:43,11/23/21 11:50,0,100,443,1,11/23/21 11:50,R_2qeem7WRVXEgY6o,anonymous,EN,A2V3TUCFVUAKOM,4,3,4,4,3,4,3,5,5,4,5,4,2,2,2,2,2,3,4,50,48,51,50,50,48,52,2,2,3,2,2,3,3,3,3,2,2,3,3,3,3,2,3,2,2,2,1,4,5,7,4,5,5,5,2,3,2,3,3,3,2,3,3,2,3,3,3,3,4,4,3,4,4,2,32,1,3,,5,4,23807
11/23/21 11:42,11/23/21 11:48,0,100,358,1,11/23/21 11:48,R_2bWu3yZOmGFGYsV,anonymous,EN,A39STYGRHAZ2WL,5,6,4,4,5,5,3,3,4,4,3,4,3,4,3,4,3,3,3,52,47,51,52,52,48,52,3,3,4,4,2,3,3,3,4,3,4,4,3,4,3,4,4,3,3,3,2,4,6,4,5,6,5,4,5,4,2,2,1,2,2,1,1,2,1,2,1,1,2,4,1,2,3,2,48,1,3,,5,3,79767
11/23/21 11:42,11/23/21 11:46,0,100,237,1,11/23/21 11:46,R_eEFjV5oipO0u8dr,anonymous,EN,A1SRQ63M2VV6QP,6,5,5,5,4,5,5,5,5,4,4,4,1,2,1,1,2,4,4,51,52,48,52,50,48,48,4,3,4,4,4,4,4,4,4,4,4,4,4,4,3,4,4,4,4,4,4,4,6,4,6,6,5,3,4,1,2,2,1,1,1,1,2,4,1,1,3,3,3,4,3,3,3,3,33,2,3,,4,2,89325
11/23/21 11:42,11/23/21 11:50,0,100,509,1,11/23/21 11:50,R_1goQZMzA7LeT4EB,anonymous,EN,A3AX7TD0RPYKF8,5,5,5,4,5,5,5,5,5,4,5,5,4,4,4,1,4,4,4,52,48,52,52,52,48,52,3,2,4,2,2,4,4,2,2,2,3,3,4,4,1,3,4,2,3,3,1,1,6,1,4,6,4,1,6,4,1,1,1,1,4,1,3,3,2,1,1,1,1,4,1,1,1,4,30,2,3,,5,3,85225
11/23/21 11:40,11/23/21 11:41,0,100,114,1,11/23/21 11:41,R_WcHBBX3gAxUPE09,anonymous,EN,A1SDO44E0SBQ2C,4,4,4,4,7,4,1,4,4,4,4,4,7,7,7,7,7,7,7,53,53,53,53,53,53,53,4,1,1,1,1,1,1,1,1,1,1,1,1,1,1,1,1,1,1,1,4,4,4,4,4,4,4,4,7,1,2,2,1,1,1,2,1,4,1,1,5,4,3,4,4,4,4,7,41,2,3,,5,5,80427
11/23/21 11:39,11/23/21 11:51,0,100,749,1,11/23/21 11:51,R_3I6SHAl46gr6e6U,anonymous,EN,A2BF7JF6NROA0T,4,5,5,6,6,6,5,7,7,7,6,6,3,1,1,1,2,5,4,47,53,52,52,50,47,53,2,3,3,4,3,3,4,4,4,3,4,4,4,4,4,4,4,3,4,4,1,2,7,5,2,7,6,1,6,2,3,3,2,3,3,1,3,4,1,4,1,1,2,4,2,2,3,6,37,1,3,,5,3,47870
11/23/21 11:37,11/23/21 11:40,0,100,194,1,11/23/21 11:40,R_4YIeNFH9n9RxWxz,anonymous,EN,A88CZ5CYKL5BJ,4,5,4,5,4,3,3,3,4,4,5,5,1,1,1,2,3,2,2,51,48,48,48,49,48,52,2,2,2,2,1,1,2,2,2,2,2,2,3,2,1,2,2,1,2,2,1,5,7,6,6,7,5,2,2,2,1,1,1,1,2,2,2,3,3,1,4,4,4,4,2,4,4,1,37,2,3,,5,2,54925
11/23/21 11:36,11/23/21 11:44,0,100,460,1,11/23/21 11:44,R_Ug89QzT5lLe64QV,anonymous,EN,AEGW8HAGURDRY,5,4,6,5,4,4,6,6,6,6,4,3,1,4,1,1,3,3,3,50,48,48,48,49,47,53,1,2,1,1,1,2,2,2,1,1,2,2,2,2,2,1,1,1,1,1,1,1,4,7,4,7,7,1,4,1,2,2,4,3,2,2,3,2,4,2,5,3,3,4,3,4,1,1,37,1,3,,3,1,12137
11/23/21 11:36,11/23/21 11:44,0,100,462,1,11/23/21 11:44,R_1FyV09UAaswZcq6,anonymous,EN,A1VE6VNQJO0U88,5,5,5,4,5,4,5,5,4,4,6,6,5,5,4,4,3,3,3,50,47,50,51,50,47,53,3,4,4,4,4,4,4,4,4,4,4,4,4,4,4,4,4,4,4,4,2,1,7,2,4,7,7,1,6,4,2,1,1,1,4,1,1,3,1,1,1,1,1,4,1,1,1,2,41,1,3,,5,2,63538
11/23/21 11:36,11/23/21 11:40,0,100,244,1,11/23/21 11:40,R_1lmfLRf0awN2vpJ,anonymous,EN,A2G43KS55YGYQE,5,4,5,5,4,6,4,5,5,5,5,4,5,4,4,4,3,4,4,52,48,48,48,49,49,49,3,4,3,4,4,4,4,4,4,4,4,4,4,4,4,4,4,4,4,4,6,1,6,2,6,4,6,1,5,2,1,1,1,1,4,1,1,4,1,1,1,1,1,4,1,1,1,1,62,2,3,,3,3,52752
11/23/21 11:35,11/23/21 11:40,0,100,286,1,11/23/21 11:40,R_zcKkvY9PpeYaZxf,anonymous,EN,A2MQMMCVZJTFL2,4,3,3,3,3,3,5,6,6,5,4,5,3,2,1,1,2,2,2,49,48,48,51,51,48,52,4,4,4,4,4,4,4,4,4,4,4,4,4,4,4,4,4,4,4,4,2,1,6,2,6,6,6,1,6,1,1,1,1,1,4,1,1,4,1,1,1,1,1,4,1,1,1,3,50,1,3,,3,5,22642
11/23/21 11:34,11/23/21 11:39,0,100,299,1,11/23/21 11:39,R_3Ojn3lzBgEOUxKq,anonymous,EN,A1F2APQMJSQVFK,6,6,6,6,6,6,2,6,6,5,4,5,4,5,5,4,4,5,5,52,48,48,50,51,48,50,4,3,4,3,3,4,3,3,4,3,3,4,3,3,3,3,4,2,3,3,2,1,6,5,6,6,6,5,3,2,2,1,1,1,4,2,3,3,2,2,4,2,2,4,1,2,2,3,28,1,3,,5,4,71343
11/23/21 11:34,11/23/21 11:38,0,100,233,1,11/23/21 11:38,R_1Naf4ZTPPotLpqN,anonymous,EN,A2HC9549CZAKNN,5,4,4,5,6,4,3,4,4,4,3,4,2,5,5,7,2,2,2,48,48,53,49,50,47,53,1,2,2,2,2,2,3,3,3,2,3,2,2,2,2,2,2,1,2,2,6,2,5,6,5,2,6,2,2,1,2,2,2,2,2,2,2,3,2,3,2,2,2,4,2,2,2,2,43,1,3,,6,6,85794
11/23/21 11:34,11/23/21 11:38,0,100,256,1,11/23/21 11:38,R_2zP96zke4WcZmIY,anonymous,EN,A1IEW0TLXGL6HJ,5,3,6,6,5,6,6,7,6,6,3,3,5,6,5,6,5,6,5,50,47,50,47,47,50,50,1,3,2,3,3,2,3,3,4,2,3,3,2,3,3,3,2,3,2,2,2,1,5,6,7,7,6,2,1,1,1,4,4,4,3,2,2,3,2,2,3,1,2,4,1,1,5,1,25,1,3,,5,1,11143
11/23/21 11:33,11/23/21 11:37,0,100,208,1,11/23/21 11:37,R_upJN5S7gNWlC1yh,anonymous,EN,AHPOOKYE7V04D,4,4,5,4,5,4,4,4,4,4,5,5,4,5,4,4,5,5,5,53,48,47,47,48,49,51,2,3,3,3,3,3,4,3,2,2,4,3,2,3,3,3,3,2,3,3,5,2,7,4,6,4,6,1,6,1,3,2,3,3,2,3,3,3,1,3,1,1,1,4,2,1,2,6,45,2,3,,6,4,14187
11/23/21 11:33,11/23/21 11:37,0,100,212,1,11/23/21 11:37,R_3CJK1ckMGdddJTi,anonymous,EN,AZ4MMVSAY9L3X,4,5,5,4,5,4,4,5,5,4,4,4,5,4,4,4,4,5,5,48,48,49,49,50,49,49,3,4,4,4,4,4,4,4,4,4,4,4,4,4,4,4,4,4,4,4,7,1,7,2,6,2,6,1,7,2,1,1,1,1,1,1,2,4,1,1,1,1,1,4,1,1,1,3,39,2,3,,5,4,14972
11/23/21 11:33,11/23/21 11:42,0,100,516,1,11/23/21 11:42,R_1N3JVCcTUDO1M2G,anonymous,EN,AF3G89Q97D0DR,5,5,4,4,3,3,3,4,4,4,3,6,3,2,2,2,4,4,3,50,48,48,47,50,51,50,3,2,4,2,1,3,2,2,2,3,2,3,3,3,2,2,3,1,3,3,4,4,6,5,6,6,5,3,4,1,1,2,2,4,2,2,4,1,2,2,2,3,4,4,2,2,1,4,26,1,3,,3,1,81762
11/23/21 11:32,11/23/21 11:36,0,100,254,1,11/23/21 11:36,R_3m8XLv6HRC1JlFr,anonymous,EN,ABXL9SD1N6ZQZ,6,7,6,7,7,7,5,1,2,1,2,2,5,5,6,5,4,6,6,53,53,52,53,53,47,53,2,3,3,3,3,4,3,4,3,4,4,4,3,4,3,3,4,3,3,4,6,2,7,3,6,2,6,1,6,5,1,1,1,1,4,1,1,3,1,1,1,1,3,4,2,2,3,7,44,1,3,,5,3,77198
11/23/21 11:32,11/23/21 11:39,0,100,418,1,11/23/21 11:39,R_2rNqzKxhmeqkCdN,anonymous,EN,A3I2PT6W0FP7BR,6,6,7,7,6,5,5,6,5,6,2,2,4,3,3,1,5,5,5,49,48,49,49,48,50,50,3,4,4,4,4,4,4,4,4,4,4,4,4,4,4,4,4,4,4,4,5,1,6,3,1,7,7,1,7,7,1,1,1,1,4,1,1,4,1,1,1,1,1,4,1,1,3,5,61,2,3,,2,2,76565
11/23/21 11:30,11/23/21 11:37,0,100,384,1,11/23/21 11:37,R_1OOl8uoI6AKv9Uf,anonymous,EN,APWB9BS1SONNS,4,4,5,5,6,4,2,5,4,5,6,6,2,3,5,4,4,5,4,49,51,50,48,50,51,49,2,3,3,3,2,4,3,3,2,2,3,4,3,3,3,3,3,2,3,3,1,1,6,3,7,7,7,2,7,2,1,2,2,2,3,2,4,2,2,2,2,3,3,4,3,4,2,3,39,2,3,,5,3,24268
11/23/21 11:28,11/23/21 11:46,0,100,1049,1,11/23/21 11:46,R_2zSADe0L8dvJyJe,anonymous,EN,A1A0F0BAX3CDTF,6,5,4,6,5,6,5,4,7,6,5,6,5,4,6,5,4,6,7,51,49,52,51,52,49,48,3,2,4,3,2,3,4,3,3,2,4,3,2,3,4,3,2,3,4,3,6,4,5,3,5,6,5,2,6,5,4,3,4,3,2,3,4,3,2,3,4,3,4,4,3,5,4,5,28,1,3,,5,3,10608
11/23/21 11:28,11/23/21 11:33,0,100,297,1,11/23/21 11:33,R_2DTCPwotMq6zOWS,anonymous,EN,A3B84NGQT7Z9WE,5,4,5,5,5,4,3,4,3,4,4,3,4,5,5,4,5,4,4,51,49,49,48,51,50,51,2,3,3,3,3,4,4,4,3,3,4,4,4,4,4,4,4,4,4,4,3,2,4,4,6,5,6,5,4,3,2,1,1,2,3,1,2,3,2,1,2,1,1,4,2,2,2,6,58,2,4,,5,3,81088
11/23/21 11:27,11/23/21 11:33,0,100,354,1,11/23/21 11:33,R_1hDRyaQtb8Bnnca,anonymous,EN,A37OW71AEYVEDM,4,6,4,4,4,4,4,4,4,4,4,4,1,1,1,1,4,6,4,53,48,53,48,50,52,48,4,4,4,4,1,3,4,4,1,1,4,4,2,4,2,1,4,1,1,1,1,7,4,7,7,4,7,6,1,1,4,4,4,4,1,4,4,1,1,4,4,5,5,4,4,5,1,4,64,1,3,,4,1,24974
11/23/21 11:27,11/23/21 11:32,0,100,309,1,11/23/21 11:32,R_3kEVELsMVkYTOF3,anonymous,EN,ANUA9X7BFPTR8,5,4,4,5,3,3,5,5,5,5,5,4,2,3,3,2,2,3,2,52,49,49,51,51,49,51,2,2,3,2,2,3,4,3,2,2,3,4,2,3,2,2,2,2,2,2,3,2,4,6,5,4,5,3,2,3,2,1,2,2,3,2,3,2,3,2,2,2,2,4,1,1,1,2,31,1,3,,5,3,24325
11/23/21 11:26,11/23/21 11:35,0,100,541,1,11/23/21 11:35,R_vNfn1EXcDJvGuKl,anonymous,EN,A3P8XKLTF07QZW,5,5,5,7,1,1,1,1,1,2,5,5,1,3,6,3,2,1,4,49,49,49,48,51,50,50,1,1,1,1,2,3,1,1,3,1,1,1,3,1,3,1,1,1,1,1,6,1,6,1,7,5,7,1,7,1,1,1,4,1,1,3,2,2,4,1,1,1,1,4,2,1,2,4,51,1,3,,4,1,32398
11/23/21 11:23,11/23/21 11:26,0,100,128,1,11/23/21 11:26,R_XsNjC8xqdtOqLfz,anonymous,EN,A292T1OXCVXN78,2,6,2,2,2,2,5,5,5,5,5,5,1,1,1,1,1,1,1,47,52,53,48,48,47,47,1,1,1,1,1,1,1,1,1,1,1,1,1,1,1,1,1,1,1,1,2,6,6,6,6,6,6,2,2,2,1,1,1,1,1,1,1,1,1,1,1,1,1,4,1,1,1,1,26,2,1,,5,3,57443
11/23/21 11:20,11/23/21 11:24,0,100,190,1,11/23/21 11:24,R_1NChDFvYb6qckPA,anonymous,EN,A1FKRZKU1H9YFC,5,3,3,3,2,4,1,4,3,3,3,3,2,1,2,6,4,4,4,51,49,48,48,49,48,51,2,1,3,1,1,1,1,1,1,1,1,4,1,1,1,1,1,1,1,1,2,5,5,5,4,3,5,2,1,1,3,3,3,3,1,3,3,1,3,3,4,4,4,4,3,4,1,1,39,1,3,,6,1,50611
11/23/21 11:19,11/23/21 11:26,0,100,427,1,11/23/21 11:26,R_UbDMx4UU8AeYZ45,anonymous,EN,AVYQAKDYISJUL,7,7,7,7,5,5,7,7,7,7,5,5,5,6,5,2,3,5,5,49,49,47,47,47,48,48,2,2,4,4,3,4,4,4,3,4,4,4,4,4,2,4,4,1,2,3,2,2,7,6,5,7,7,1,2,1,1,1,3,3,2,1,1,3,1,3,1,4,3,4,2,1,1,6,55,1,3,,4,1,45080
11/23/21 11:18,11/23/21 11:22,0,100,245,1,11/23/21 11:22,R_1BrqvoMmKPyHyJr,anonymous,EN,A2YG71R13G0CYR,5,6,4,5,4,5,5,6,5,4,4,5,3,4,2,2,3,5,5,51,52,52,50,49,51,48,3,3,4,3,2,3,4,3,3,3,4,3,3,4,3,4,4,2,3,2,3,5,6,5,6,5,7,2,4,5,1,1,2,2,2,1,3,2,1,2,1,2,1,4,2,1,1,5,31,1,3,,5,3,58513
11/23/21 11:18,11/23/21 11:22,0,100,258,1,11/23/21 11:22,R_1DBvqrBDgYrYFfp,anonymous,EN,AWAW665TQQP2F,6,6,7,5,5,5,3,5,5,4,3,4,2,2,2,1,3,5,4,49,49,48,49,49,49,49,3,1,4,1,2,3,2,2,2,2,2,2,1,4,2,2,4,2,2,1,1,5,5,5,6,7,5,1,3,6,2,1,1,1,3,1,3,3,3,1,3,3,3,4,5,3,4,4,39,1,3,,4,4,71395
11/23/21 11:16,11/23/21 11:21,0,100,303,1,11/23/21 11:21,R_1Fyp0FUxy5cHQe9,anonymous,EN,A3P9YXCVZEPKGG,6,6,7,6,6,5,5,6,5,5,3,4,2,2,1,1,5,6,6,53,51,49,48,49,49,49,4,4,4,4,4,4,4,4,4,4,4,4,4,4,4,4,4,4,4,4,5,6,7,2,6,3,7,5,7,1,1,1,1,1,4,1,1,4,1,1,1,1,1,4,1,1,2,2,29,2,3,,6,3,89037
11/23/21 11:15,11/23/21 11:21,0,100,344,1,11/23/21 11:21,R_2aYcfsXChp7SuFz,anonymous,EN,A2EVY60IK9QPMJ,4,5,3,4,3,4,3,5,5,5,3,3,2,2,2,2,2,5,4,52,49,50,48,49,49,50,3,3,3,3,2,4,1,2,2,4,3,3,3,4,2,3,4,2,4,2,1,3,5,3,4,7,4,6,4,2,1,2,1,2,2,1,3,3,1,2,3,2,4,4,3,3,2,2,56,1,3,,6,5,64904
11/23/21 11:10,11/23/21 11:14,0,100,261,1,11/23/21 11:14,R_2dGaIFdyFo4Zw7P,anonymous,EN,A3TDPXTB6Y6H1I,4,3,5,6,5,5,3,6,3,4,3,3,5,3,3,1,6,6,5,51,48,47,47,49,49,51,3,2,3,2,1,3,1,1,2,4,2,3,2,2,1,2,3,4,4,3,5,4,6,6,5,5,3,3,4,3,4,4,4,2,2,3,2,1,2,1,4,2,1,4,2,1,2,2,33,1,3,,4,1,44050
11/23/21 11:08,11/23/21 11:09,0,100,87,1,11/23/21 11:09,R_3M0ei0pN9AkQU7E,anonymous,EN,A3UKAY2FGKRMVQ,5,3,2,2,5,5,4,3,3,4,5,5,5,4,3,4,5,5,4,51,50,49,49,49,49,51,3,3,2,2,2,3,3,3,2,3,3,3,2,3,2,3,3,3,2,2,5,5,3,2,3,4,5,5,4,3,3,3,2,2,3,2,3,3,2,2,3,4,3,4,4,3,4,6,29,1,3,,4,2,87980
11/23/21 11:07,11/23/21 11:15,0,100,460,1,11/23/21 11:15,R_2OMWRJ6bJf61Krw,anonymous,EN,A39GKPIPC99NDV,5,6,5,5,7,6,3,3,4,3,3,3,5,3,3,5,5,7,5,49,49,48,48,49,49,51,2,4,2,4,2,2,4,4,3,4,4,4,4,4,4,4,4,3,4,4,3,5,5,3,5,5,3,2,5,3,1,1,2,2,3,1,3,3,1,2,2,2,1,4,1,2,2,6,59,2,3,,4,3,97403
11/23/21 11:07,11/23/21 11:15,0,100,461,1,11/23/21 11:15,R_2xFTclS45EFddFg,anonymous,EN,AOJRP10FWOFA9,3,5,5,5,4,5,3,5,6,6,5,5,3,4,4,5,5,6,3,51,51,51,51,49,49,50,3,3,3,3,1,3,3,2,3,3,3,2,3,3,2,2,2,3,3,3,6,1,6,3,6,6,2,2,4,1,3,3,2,2,3,2,3,2,2,1,2,2,2,4,1,1,1,3,51,1,1,,3,2,88791
11/23/21 11:06,11/23/21 11:17,0,100,622,1,11/23/21 11:17,R_29hmGeRSlMxhc8d,anonymous,EN,A2JQI1SDHK32T6,5,5,5,5,3,3,5,5,5,4,4,4,6,6,5,5,4,4,5,49,48,50,48,48,49,50,3,4,4,4,4,4,4,4,4,4,4,4,4,4,4,4,4,4,4,4,3,1,6,1,7,6,6,1,6,3,1,1,1,1,3,1,1,3,1,1,1,1,2,4,1,1,2,3,40,2,3,,5,5,54765
11/23/21 11:06,11/23/21 11:08,0,100,129,1,11/23/21 11:08,R_2agkbbyxH7mHVdf,anonymous,EN,A2YZPA1SIVXL23,6,5,5,7,4,6,6,5,7,6,4,6,6,5,6,6,5,5,6,49,50,48,48,47,48,49,3,2,2,4,1,4,3,4,3,4,3,1,3,4,3,3,3,4,1,3,6,4,6,7,5,6,7,6,7,5,4,3,2,3,3,4,2,4,3,4,4,3,4,4,3,4,5,2,45,2,3,,5,3,84440
11/23/21 11:06,11/23/21 11:10,0,100,257,1,11/23/21 11:10,R_UnBXutlWczzzbTX,anonymous,EN,A2GSLJEIPG3QD9,6,3,7,6,4,3,3,5,2,6,2,2,6,7,6,7,5,7,7,52,48,52,52,52,48,52,1,3,1,3,4,4,4,4,3,4,4,4,4,4,4,4,4,4,4,4,6,1,7,2,6,2,7,1,6,5,1,1,1,1,4,1,1,4,1,1,1,1,1,4,1,1,1,7,43,2,3,,5,4,31677
11/23/21 11:06,11/23/21 11:11,0,100,293,1,11/23/21 11:11,R_2BzhXvs22oj06Ci,anonymous,EN,A2N4DD7IS7EI2D,1,7,4,4,4,7,1,7,7,4,1,4,1,4,4,7,1,4,4,47,53,53,53,53,48,50,2,4,4,3,3,2,3,3,4,4,4,4,2,4,4,4,4,4,4,4,7,5,7,1,7,6,7,1,7,1,1,2,2,1,1,3,3,4,2,2,1,1,1,4,5,4,1,4,31,2,4,,2,1,38849
11/23/21 11:06,11/23/21 11:12,0,100,366,1,11/23/21 11:12,R_1CwDyAfA5KbjcZc,anonymous,EN,A1EW0KCS15O0CJ,4,5,4,4,3,4,4,5,4,4,3,3,3,2,2,2,2,3,3,52,47,49,49,52,50,50,4,4,4,4,4,4,4,4,4,4,4,4,4,4,4,4,4,4,4,4,3,4,6,1,5,5,5,2,7,5,1,1,1,1,1,1,1,1,1,1,1,1,1,4,1,1,1,6,36,2,4,,6,5,40799
11/23/21 11:02,11/23/21 11:03,0,100,77,1,11/23/21 11:03,R_10NxgFrvoa5OwlB,anonymous,EN,A3388HIWAKD3DV,7,4,5,2,6,5,5,2,1,5,5,3,2,1,6,6,3,6,5,51,49,47,52,51,48,51,4,4,4,4,4,4,4,4,4,4,4,4,4,4,4,4,4,4,4,4,6,4,2,3,6,4,2,2,5,4,1,1,1,1,1,1,1,1,1,1,1,1,1,4,1,1,1,7,30,2,1,,5,4,24077
11/23/21 11:02,11/23/21 11:06,0,100,235,1,11/23/21 11:06,R_1K3GFaqGKdIQOp6,anonymous,EN,AJQ71YIGY01HZ,6,5,6,4,4,4,5,5,5,4,4,5,6,4,4,4,5,4,4,48,48,49,48,48,48,51,3,4,4,4,4,4,4,4,4,4,4,4,4,4,4,4,4,4,4,4,2,1,2,1,1,6,3,2,5,2,1,1,1,1,4,2,1,4,1,1,1,1,1,4,1,1,2,4,34,1,3,,5,1,90268
11/23/21 11:01,11/23/21 11:06,0,100,264,1,11/23/21 11:06,R_2P11qTRufhWOxm2,anonymous,EN,A1G6F1HWIS2K2K,4,4,5,5,6,7,4,5,4,4,3,4,4,4,5,4,6,6,6,51,48,49,48,48,49,49,2,4,4,4,4,4,4,4,4,4,4,1,4,4,4,4,4,4,4,4,4,2,6,2,6,4,6,2,6,2,1,1,1,1,3,1,1,3,1,1,2,1,1,4,1,1,1,2,53,1,3,,5,3,97680
11/23/21 11:01,11/23/21 11:07,0,100,368,1,11/23/21 11:07,R_29pkBuPM6awVjhj,anonymous,EN,A34GH9SAZ3NAGE,4,5,4,5,5,4,2,5,4,3,4,5,1,6,6,5,2,1,4,49,48,51,49,49,49,50,3,2,2,1,2,2,1,2,3,2,2,2,2,2,1,2,3,1,3,3,1,4,5,6,5,7,4,5,3,4,1,2,2,2,2,1,3,1,2,2,5,5,4,4,5,5,2,2,21,1,1,,3,1,63184
11/23/21 11:01,11/23/21 11:05,0,100,211,1,11/23/21 11:05,R_yxSUnkPz3Z8B2XD,anonymous,EN,A33B85TN97HQ33,5,6,4,4,3,3,1,4,6,6,6,6,1,1,1,1,1,1,1,50,47,53,53,53,48,52,3,3,4,3,3,3,3,3,3,3,3,3,3,4,3,4,3,3,3,3,2,1,5,1,7,6,5,1,7,1,1,1,1,1,3,1,2,3,1,1,1,1,2,4,1,1,1,5,49,1,3,,3,3,91740
11/23/21 11:01,11/23/21 11:04,0,100,170,1,11/23/21 11:04,R_03caC5uDOeVS7Sx,anonymous,EN,A2LDDDJ4WBKB8Y,4,5,4,4,4,4,1,1,1,1,1,1,4,5,2,2,2,4,4,53,47,49,48,48,48,53,4,4,4,4,2,4,4,4,3,4,4,4,4,4,4,4,4,2,4,4,3,1,6,2,6,6,7,1,7,1,1,1,1,1,1,1,1,1,1,1,3,3,4,4,2,2,2,1,32,1,3,,6,5,18560
11/23/21 11:01,11/23/21 11:05,0,100,228,1,11/23/21 11:05,R_1dy6PBjANrngf9u,anonymous,EN,A336V7IY38Q2WN,4,5,4,4,4,3,2,3,3,4,2,2,4,4,4,2,5,4,4,51,50,49,48,50,50,50,4,4,4,4,4,4,4,3,3,4,4,4,3,4,3,4,4,4,4,3,4,2,5,2,7,6,4,3,7,1,1,1,1,1,4,1,1,3,1,1,1,1,1,4,1,1,1,4,36,2,1,,6,1,60473
11/23/21 10:59,11/23/21 11:05,0,100,333,1,11/23/21 11:05,R_O2UDyS808l5pcul,anonymous,EN,A34CBV74LOV6E3,5,4,4,3,6,6,2,6,5,4,4,3,1,6,5,5,3,4,5,50,49,49,51,49,48,49,2,1,3,2,1,1,1,1,1,2,2,1,1,2,1,1,1,1,1,2,1,5,3,7,5,7,3,6,2,1,3,4,2,3,2,2,3,2,2,3,4,5,3,4,3,4,1,2,34,2,3,,3,1,86654
11/23/21 10:59,11/23/21 11:04,0,100,316,1,11/23/21 11:04,R_vBPWBdlqYOHNZHH,anonymous,EN,A20S6YBD2VKCZU,5,4,4,4,5,5,4,4,4,4,4,3,1,1,1,1,4,6,6,49,47,48,47,47,47,47,3,1,4,2,1,4,1,1,2,2,2,2,1,4,1,2,4,3,2,1,5,5,5,5,7,3,4,5,3,2,2,2,2,2,4,2,2,2,2,2,2,2,1,4,1,1,1,4,34,1,3,,3,1,83821
11/23/21 10:59,11/23/21 11:04,0,100,287,1,11/23/21 11:04,R_r9nwHq1pYWkUPN7,anonymous,EN,A1E31V4KC175MR,5,6,5,5,3,3,4,3,3,4,4,2,5,5,4,4,5,5,3,51,51,49,49,49,51,49,3,3,3,3,2,4,3,3,3,3,4,3,3,3,2,3,4,4,4,3,6,5,6,2,5,5,3,2,6,5,1,1,1,1,3,1,1,4,1,1,1,1,1,4,1,1,1,3,48,2,3,,3,2,80493
11/23/21 10:59,11/23/21 11:08,0,100,544,1,11/23/21 11:08,R_2zSCfuLUS9h5tVg,anonymous,EN,A1FHC4Z6QXDQSS,5,5,5,5,5,5,3,5,4,5,5,5,4,3,2,2,4,4,4,48,49,49,49,49,49,49,3,3,3,3,3,3,3,3,3,3,3,3,3,3,3,3,3,3,3,3,3,1,5,1,5,3,5,3,6,2,1,2,1,1,3,1,2,3,1,1,1,1,1,4,1,1,1,3,39,2,3,,3,2,24060
11/23/21 10:59,11/23/21 11:08,0,100,535,1,11/23/21 11:08,R_81ySeLry13b0lDr,anonymous,EN,AFWSBV2NPWTCG,4,6,6,7,6,6,6,4,5,4,5,4,1,1,1,1,2,1,1,48,47,50,50,50,50,51,1,1,2,2,3,4,3,3,2,2,3,4,1,1,3,1,2,3,2,3,4,5,3,6,4,5,7,6,4,2,3,4,2,4,2,1,1,2,2,2,1,1,3,4,2,2,1,4,33,2,3,,3,1,51211
11/23/21 10:59,11/23/21 11:04,0,100,291,1,11/23/21 11:04,R_3NBU8COI2KrFixI,anonymous,EN,A1710X6OIQP62Q,6,5,7,6,5,6,3,2,2,3,2,2,2,5,6,4,6,5,6,48,47,49,48,48,48,47,2,4,4,4,4,3,4,4,4,3,4,4,3,3,4,4,3,4,4,3,6,1,7,5,3,6,7,1,7,6,1,1,1,1,1,1,1,1,1,1,1,1,1,4,1,1,1,7,37,1,3,,4,4,26896
11/23/21 10:57,11/23/21 11:03,0,100,320,1,11/23/21 11:03,R_24CapCV4PYY8W7v,anonymous,EN,A2B153AHPWHLH1,5,6,5,5,5,5,4,5,4,5,4,5,5,4,4,4,5,6,5,50,48,49,49,50,49,50,3,3,4,3,2,3,4,4,3,3,4,4,3,4,3,3,4,4,4,3,4,2,5,1,5,4,6,2,7,2,1,1,1,1,3,1,2,3,1,1,1,1,1,4,1,1,1,5,55,2,3,,4,3,11252
11/23/21 10:57,11/23/21 11:01,0,100,237,1,11/23/21 11:01,R_SUWagtlKM7rNJeh,anonymous,EN,A3Q9H7A8J8GR01,5,6,6,6,6,5,3,3,3,3,3,2,6,5,1,2,4,3,2,51,52,53,53,50,49,50,1,1,1,1,1,1,1,1,1,1,1,1,1,1,1,1,1,1,1,1,6,1,7,1,7,2,7,1,7,1,1,1,1,1,4,1,1,4,1,1,1,1,1,4,1,1,1,2,37,1,4,,5,1,95535
11/23/21 10:57,11/23/21 11:02,0,100,297,1,11/23/21 11:02,R_2AX4s0FaqhvoljA,anonymous,EN,AIR4UQNPIMFCJ,5,5,5,4,4,4,3,2,3,4,4,4,4,4,3,3,4,5,5,52,49,48,48,50,50,50,4,4,4,4,4,4,4,4,4,4,4,4,4,4,4,4,4,4,4,4,5,1,7,1,6,4,7,1,7,2,1,1,1,1,4,1,1,4,1,1,1,1,1,4,1,1,1,4,49,,2,,5,1,32996
11/23/21 10:56,11/23/21 11:04,0,100,511,1,11/23/21 11:04,R_1N7V0Otnvn6bgga,anonymous,EN,A36SNKUPZRJMHX,5,3,5,5,5,4,3,3,5,5,4,4,2,2,2,2,4,4,4,51,48,48,48,51,48,51,3,2,3,3,2,3,3,2,3,3,3,3,2,3,3,3,3,2,3,3,3,4,6,5,5,6,6,1,6,4,1,2,2,2,2,3,3,2,2,3,2,3,3,4,2,2,3,6,54,1,3,,5,1,94717
11/23/21 10:55,11/23/21 11:03,0,100,442,1,11/23/21 11:03,R_vZ710VCXmOvRzbP,anonymous,EN,A3R97T5D3RR9JX,7,7,7,7,6,6,1,1,1,1,2,2,7,7,7,7,6,7,7,47,48,49,47,53,47,53,1,4,2,4,4,4,4,4,4,4,4,4,4,4,4,4,4,4,4,4,7,3,7,1,7,1,7,2,7,1,3,2,1,1,4,1,1,4,1,2,1,1,1,4,1,1,1,2,27,2,1,,5,3,51797
11/23/21 10:55,11/23/21 11:02,0,100,378,1,11/23/21 11:02,R_28YCCQWeiz2GRdA,anonymous,EN,A2K0L9M1ZZO5C9,5,5,5,3,5,5,5,5,5,5,5,5,3,4,5,2,2,2,2,51,51,51,51,51,47,47,2,2,3,1,1,2,4,2,2,1,4,2,2,2,2,2,2,2,2,2,1,1,6,5,4,7,7,1,6,3,3,2,2,2,1,1,4,2,4,3,1,1,2,4,1,3,1,4,43,1,3,,2,1,77629
11/23/21 10:54,11/23/21 10:59,0,100,332,1,11/23/21 10:59,R_2CldNGJRVvbhrUH,anonymous,EN,AXHUS8TLNPP5I,4,4,4,4,4,4,4,4,4,4,4,4,4,4,4,3,4,4,4,50,49,49,49,50,50,50,3,2,3,2,1,3,1,1,1,1,1,2,1,1,1,1,3,3,3,2,6,2,4,4,6,4,6,4,4,2,1,2,2,1,3,1,4,3,4,2,1,1,2,4,2,1,1,2,53,1,5,Celtic/Welsh,4,3,20351
11/23/21 10:53,11/23/21 10:55,0,100,132,1,11/23/21 10:55,R_8dIjXsqquutcbp7,anonymous,EN,A3B01L2TR8ZH4O,4,3,4,4,4,4,3,2,4,4,4,4,4,4,4,4,3,4,3,51,49,50,49,50,49,50,3,3,3,3,3,3,3,3,3,3,3,3,3,3,3,3,3,3,3,3,4,3,5,3,5,4,4,3,5,3,1,1,1,1,3,1,1,3,1,1,1,1,1,4,2,1,1,2,25,2,3,,5,2,82695
11/23/21 10:53,11/23/21 10:58,0,100,293,1,11/23/21 10:58,R_Wp5z3G40kHpVvDr,anonymous,EN,A3TXECGOC6JHBL,4,2,2,4,5,4,4,4,4,4,1,1,1,1,1,4,4,4,4,49,48,51,49,48,48,52,2,2,2,2,2,2,2,2,4,4,4,1,4,2,2,2,2,1,2,4,1,2,6,5,6,7,5,2,6,2,1,1,2,2,2,2,2,3,2,2,2,2,3,4,1,2,4,6,42,1,3,,6,5,55640
11/23/21 10:53,11/23/21 11:00,0,100,442,1,11/23/21 11:00,R_V29mFLKp5GW3wkh,anonymous,EN,A2BK9RMC0NOIH8,4,3,5,4,6,6,5,3,5,5,5,6,4,4,3,4,5,6,6,49,49,48,48,49,49,49,4,4,4,3,4,4,4,4,4,4,4,4,4,4,4,4,4,4,4,4,5,1,6,1,3,5,6,1,5,1,1,1,1,1,4,1,1,4,1,1,1,1,1,4,1,1,1,7,39,2,1,,2,1,72591
11/23/21 10:52,11/23/21 10:54,0,100,141,1,11/23/21 10:54,R_2yqJ4N6gtC7qd8Z,anonymous,EN,AFK9ALQK5GPNG,4,5,5,5,5,5,4,5,4,4,3,3,6,4,3,3,5,7,7,51,48,49,49,49,51,51,4,4,4,4,4,4,4,4,4,4,4,4,4,4,4,4,4,4,4,4,3,3,6,1,5,6,6,2,7,2,1,1,1,1,4,1,1,4,1,1,1,1,1,4,1,1,1,4,36,2,3,,5,2,67823
11/23/21 10:51,11/23/21 11:05,0,100,851,1,11/23/21 11:05,R_BXMUYXDB5A0gIVP,anonymous,EN,AB0LYB4PZKY9K,4,3,3,5,4,2,2,3,4,4,5,5,5,5,4,4,3,4,3,52,49,49,48,48,50,50,2,3,2,4,3,2,4,3,3,3,4,4,4,3,4,3,4,3,4,4,6,2,6,6,7,5,7,2,1,2,2,1,1,1,4,1,2,3,2,1,1,2,1,4,3,4,3,4,65,1,3,,6,2,16053
11/23/21 10:50,11/23/21 10:54,0,100,231,1,11/23/21 10:54,R_3JgUsJZZk8UDAWC,anonymous,EN,A1NM9PXZDCCQ1E,2,6,4,5,5,3,1,2,4,4,2,2,5,3,5,4,5,6,5,51,52,48,48,48,51,49,2,2,3,2,3,4,3,3,4,4,3,4,4,3,4,3,3,4,4,2,7,2,2,3,6,1,5,5,3,1,1,1,1,2,3,1,2,3,2,2,1,1,1,4,1,1,1,4,40,1,3,,3,2,91924
11/23/21 10:50,11/23/21 10:53,0,100,208,1,11/23/21 10:53,R_6FQ0lRQvzRYpS01,anonymous,EN,A3SQV2L85UE5BK,6,6,6,6,6,5,5,5,5,5,5,5,4,4,3,1,5,5,5,50,48,49,48,49,48,52,4,4,4,4,4,4,4,4,4,4,4,4,4,4,3,4,4,4,4,4,6,1,7,1,7,5,7,1,7,1,1,1,1,1,1,1,1,4,1,1,1,1,1,4,1,1,1,2,31,2,3,,5,3,74802
11/23/21 10:49,11/23/21 10:57,0,100,499,1,11/23/21 10:57,R_5tAI0XDLNpPadIl,anonymous,EN,A3US4NGKXBVI48,5,5,4,5,5,6,5,5,5,4,5,6,2,2,2,2,1,4,4,53,48,48,48,49,49,49,3,1,3,3,2,4,1,1,4,3,2,1,2,4,1,2,3,2,2,2,1,6,7,1,5,7,4,1,6,5,2,1,2,2,3,1,1,1,2,1,3,2,3,4,5,5,3,4,35,2,2,,5,2,42387
11/23/21 10:48,11/23/21 10:53,0,100,321,1,11/23/21 10:53,R_Bx0mi3G9vHluCHL,anonymous,EN,A2RMQJTHVSI59R,5,5,6,6,5,6,5,5,5,5,5,5,5,6,5,6,3,3,3,48,51,48,48,48,48,49,3,3,4,4,3,3,3,4,3,4,4,4,3,4,3,3,3,3,3,3,5,3,7,3,7,6,7,1,6,3,1,1,1,1,4,1,1,4,1,1,1,2,2,4,2,2,3,3,66,1,3,,6,5,54900
11/23/21 10:47,11/23/21 10:58,0,100,655,1,11/23/21 10:58,R_OjOvTSXE4VdPSmJ,anonymous,EN,A1C8FN01981A69,5,5,5,5,4,4,3,3,3,3,3,3,3,4,5,4,5,4,4,49,48,47,47,49,47,52,2,3,3,3,3,3,4,4,3,3,3,4,4,3,3,3,3,3,3,3,2,2,6,6,5,6,5,4,5,4,1,1,2,1,2,1,1,2,1,1,2,1,3,4,3,2,1,1,40,2,3,,6,1,86955
11/23/21 10:46,11/23/21 10:55,0,100,501,1,11/23/21 10:55,R_2uVfRW1T5xs1Mz8,anonymous,EN,A2GJBE6D4GIADZ,4,5,6,5,6,5,3,5,4,3,2,3,5,5,4,5,5,5,4,50,50,50,49,51,50,51,2,2,2,1,1,3,2,1,1,1,2,1,3,2,2,1,1,3,1,2,2,1,2,7,5,5,7,1,1,2,3,2,3,4,3,3,3,2,4,4,3,3,5,4,5,4,2,6,30,1,3,,2,1,15318
11/23/21 10:46,11/23/21 10:50,0,100,255,1,11/23/21 10:50,R_3RdCoYQi5J1F3gc,anonymous,EN,A1S26U10C10581,5,5,6,6,6,6,2,4,5,5,4,3,4,2,1,1,4,4,4,49,48,47,47,50,49,52,3,3,3,3,3,2,4,3,3,2,4,3,3,3,3,3,3,1,3,3,2,5,6,6,3,6,5,4,4,1,2,2,3,3,3,2,2,2,1,3,3,3,4,4,4,4,4,1,30,1,3,,5,2,33489
11/23/21 10:44,11/23/21 10:49,0,100,270,1,11/23/21 10:49,R_1OBms8UAUHJPbdS,anonymous,EN,A368VH12R48BBH,5,6,5,4,6,3,3,3,4,5,6,5,2,5,5,7,5,4,4,49,48,51,49,49,48,49,4,2,4,3,1,1,3,3,2,2,3,2,1,3,1,1,3,1,2,1,1,6,6,5,4,7,4,5,3,6,2,3,4,4,1,2,3,2,2,4,1,3,4,4,3,5,1,3,23,2,3,,4,2,61438
11/23/21 10:44,11/23/21 10:48,0,100,220,1,11/23/21 10:48,R_1KklP01b59nxm0x,anonymous,EN,APU5AAZWI18EY,5,4,4,4,6,4,4,5,3,5,4,3,5,5,6,4,5,7,6,51,51,52,53,52,51,50,1,1,1,1,1,1,1,1,1,1,1,1,1,1,1,1,1,1,1,1,2,1,5,1,7,4,6,1,6,2,1,1,1,1,1,1,1,3,1,1,1,1,1,4,1,1,1,6,34,1,3,,5,2,88900
11/23/21 10:43,11/23/21 10:53,0,100,567,1,11/23/21 10:53,R_2fr4yvOSoHySpII,anonymous,EN,A3EGV6547B8F0B,6,6,6,6,6,6,3,3,3,4,6,2,6,6,6,5,6,6,5,48,47,52,50,49,48,52,3,4,4,4,4,4,4,4,4,4,4,4,4,4,4,4,4,4,4,4,7,1,7,1,7,1,7,1,7,1,1,1,1,1,1,1,1,1,1,1,1,1,2,4,1,1,1,6,54,1,3,,4,1,44429
11/23/21 10:42,11/23/21 10:47,0,100,264,1,11/23/21 10:47,R_3hi5WUp46FwdK8Y,anonymous,EN,A21HYG0E8SK3ZZ,6,4,5,6,6,4,3,5,5,6,6,6,2,4,3,2,3,3,2,49,49,48,49,50,50,50,3,2,3,2,2,4,3,1,3,2,3,2,1,2,2,2,2,1,2,3,1,3,6,5,3,6,6,3,5,6,1,1,1,2,3,1,3,3,2,2,2,4,4,4,3,3,3,2,30,1,3,,5,1,45946
11/23/21 10:42,11/23/21 10:49,0,100,430,1,11/23/21 10:49,R_6xmZMJ8OEmBRJo5,anonymous,EN,A1FH0Y12VSXUMK,6,5,6,6,5,5,6,6,6,6,4,4,5,5,3,4,5,5,5,53,53,47,49,49,49,51,3,4,3,4,4,4,4,4,4,4,4,4,4,4,4,4,4,4,4,4,5,1,7,1,7,5,7,2,7,3,1,1,1,1,3,1,1,4,1,1,1,1,1,4,1,1,2,2,84,2,3,,3,1,68951
11/23/21 10:39,11/23/21 10:43,0,100,280,1,11/23/21 10:43,R_tX0rBsdfOmWi4RX,anonymous,EN,A35P5JYWFCCMDR,6,6,6,6,6,6,3,3,3,3,3,3,5,5,5,6,3,3,2,51,49,49,49,50,48,48,4,4,4,4,2,4,4,4,4,3,4,2,4,4,2,4,4,1,2,3,1,2,5,3,7,7,6,2,3,2,3,2,4,4,2,2,1,2,1,1,3,4,4,4,1,1,1,4,55,1,3,,3,2,39337
11/23/21 10:38,11/23/21 10:41,0,100,184,1,11/23/21 10:41,R_2B3uaVc3EgBOPMf,anonymous,EN,A1CSWN23S8BHQY,5,5,6,4,5,5,4,4,5,5,4,4,5,4,4,6,5,4,4,50,51,51,50,50,50,50,3,3,3,3,4,4,3,4,4,4,4,4,4,4,4,4,4,4,4,4,6,4,4,5,5,4,5,5,5,4,2,2,1,1,3,1,1,4,1,1,2,2,3,4,3,2,2,4,63,1,3,,4,1,42758
11/23/21 10:38,11/23/21 10:44,0,100,362,1,11/23/21 10:44,R_1oFK8JI7XyLGsVM,anonymous,EN,A13CXQGLSH6QY8,4,5,5,5,5,5,7,6,7,7,6,6,4,3,4,2,5,4,5,51,51,51,51,52,50,53,4,4,4,4,4,4,4,4,4,4,4,4,4,4,4,4,4,4,4,4,7,1,6,1,6,3,7,2,6,4,1,1,1,1,1,1,1,1,1,1,1,1,1,4,1,1,1,4,70,1,3,,3,2,41147
11/23/21 10:37,11/23/21 10:47,0,100,571,1,11/23/21 10:47,R_337ocqOVannvOeo,anonymous,EN,A3B6TQSAA8YQ9T,4,4,3,4,2,4,3,6,5,4,4,4,4,2,3,2,4,5,4,52,52,48,47,48,51,50,3,3,4,4,3,4,4,4,3,3,3,3,4,4,3,3,3,4,3,3,4,5,5,3,6,6,5,4,4,3,1,2,1,2,3,1,2,3,1,1,2,1,2,4,2,1,1,3,34,1,3,,3,1,71621
11/23/21 10:37,11/23/21 10:44,0,100,417,1,11/23/21 10:44,R_vwwCHAZraQcJwtj,anonymous,EN,A24Y1NVEEY1ADM,4,6,6,5,5,5,4,4,3,4,4,3,4,3,5,4,4,3,4,49,50,51,50,51,49,49,3,2,3,2,2,3,3,3,3,3,4,2,3,3,2,3,3,3,3,3,4,3,3,2,5,5,4,3,5,4,2,2,1,2,2,1,1,3,2,2,2,2,2,4,3,3,3,6,58,2,4,,5,3,23407
11/23/21 10:37,11/23/21 10:46,0,100,514,1,11/23/21 10:46,R_2ZIZdmXN7nKX8kW,anonymous,EN,A2CA2CUWD2BH07,5,5,5,5,4,6,5,3,3,3,2,2,2,2,2,2,4,5,4,51,49,49,49,50,49,51,3,3,4,4,4,3,4,4,3,4,4,4,3,4,3,4,4,4,4,3,2,1,6,1,5,6,3,2,6,3,1,1,1,1,4,1,2,4,1,1,1,1,1,4,1,1,1,3,72,1,3,,6,2,55497
11/23/21 10:37,11/23/21 10:42,0,100,337,1,11/23/21 10:42,R_6xjxIMnsO0wOskV,anonymous,EN,A1XRWOK00HK1J4,5,5,6,6,3,4,3,5,4,5,5,5,1,4,1,1,5,5,4,49,47,49,50,52,48,51,2,2,3,2,4,2,4,4,4,3,4,4,4,3,4,3,4,2,3,4,1,5,7,6,3,5,7,1,5,1,1,1,1,1,4,2,1,4,2,1,1,1,1,4,1,1,2,2,40,1,3,,2,2,50819
11/23/21 10:35,11/23/21 10:41,0,100,363,1,11/23/21 10:41,R_3q8NF8M8LVfCSYk,anonymous,EN,A25N802S4J344I,4,3,4,3,3,4,3,5,4,4,3,4,4,4,3,4,4,3,4,49,49,51,49,50,49,51,3,4,4,3,4,4,4,4,4,3,4,4,4,4,4,4,4,4,4,4,4,2,7,1,6,6,7,2,6,4,1,1,1,1,4,1,2,4,1,1,1,1,1,4,1,1,2,2,69,2,3,,5,2,92301
11/23/21 10:35,11/23/21 10:41,0,100,370,1,11/23/21 10:41,R_3PNwpkz95iGX7wQ,anonymous,EN,A2KAO546CF46AZ,5,5,4,4,2,5,4,5,4,4,2,5,4,1,2,2,5,5,5,49,48,48,49,50,49,51,3,4,3,4,3,4,4,4,4,4,4,4,4,4,4,4,4,2,4,4,3,3,6,4,5,6,6,1,5,1,1,1,1,1,3,1,4,4,1,2,2,2,2,4,2,1,2,4,52,2,3,,5,5,29080
11/23/21 10:34,11/23/21 10:38,0,100,203,1,11/23/21 10:38,R_2wAJokuotFAFPIe,anonymous,EN,A1PBFDQR599N3K,6,7,7,6,7,7,4,3,5,4,5,4,2,1,2,6,2,2,6,51,52,52,52,52,50,49,2,2,1,3,4,1,2,3,2,3,2,3,4,2,4,4,2,4,3,4,2,4,7,7,6,7,6,2,6,1,2,2,3,3,2,4,3,2,4,3,2,3,1,4,5,5,4,1,56,1,3,,2,2,29880
11/23/21 10:34,11/23/21 10:41,0,100,437,1,11/23/21 10:41,R_RkUy8a4V3iXAUgx,anonymous,EN,A1T208Y507O4RS,7,3,6,6,5,3,6,6,6,6,7,7,1,3,3,1,1,1,1,53,47,49,51,49,49,51,1,1,1,1,1,1,1,1,1,1,1,1,1,1,1,1,1,1,1,1,7,1,7,1,7,1,7,1,7,1,1,1,1,1,4,1,1,4,1,1,1,1,1,4,1,1,1,2,41,1,3,,5,4,36906
11/23/21 10:34,11/23/21 10:39,0,100,348,1,11/23/21 10:39,R_2CE4sYmd2bb8wUv,anonymous,EN,A24FHD04JCEDJQ,5,5,4,4,4,2,4,4,5,4,5,4,4,4,3,4,2,4,3,50,48,48,47,48,48,50,3,2,2,2,2,1,2,2,3,2,2,2,2,1,2,1,2,2,2,2,3,5,4,5,6,5,5,5,4,1,3,3,4,4,2,2,4,2,4,4,1,2,2,4,2,3,2,1,37,1,2,,5,1,29434
11/23/21 10:33,11/23/21 10:38,0,100,310,1,11/23/21 10:38,R_2f0D5EWT21ko2rA,anonymous,EN,A2FGKKWP33DFWS,2,2,5,4,6,5,5,5,6,4,5,6,5,4,6,3,3,4,5,51,49,51,50,51,49,51,3,4,3,3,3,3,4,3,3,4,4,4,4,4,2,3,3,4,3,2,5,3,7,3,5,4,3,2,5,3,1,1,1,1,1,1,2,1,1,1,1,3,1,4,2,1,1,3,53,2,3,,5,3,43597
11/23/21 10:33,11/23/21 10:38,0,100,308,1,11/23/21 10:38,R_VRmnNlyXNScRfFL,anonymous,EN,ATUA5M7PLS8W3,5,5,6,6,6,5,5,6,5,5,6,7,5,6,4,6,6,6,3,49,51,49,49,49,48,48,3,4,4,4,4,4,4,4,4,4,4,4,3,3,4,3,3,4,4,4,5,3,5,4,3,3,6,6,3,6,1,1,1,1,3,1,3,3,2,3,1,1,1,4,1,1,1,4,26,2,1,,5,3,21059
11/23/21 10:33,11/23/21 10:39,0,100,389,1,11/23/21 10:39,R_A1heLWZRAG1F9WV,anonymous,EN,A3492HL94OVDR5,4,4,3,4,3,4,1,3,1,4,1,1,7,4,4,4,4,6,6,49,48,49,48,50,51,48,2,3,3,3,4,3,3,4,4,3,3,4,4,3,4,3,3,4,4,4,7,1,5,1,7,1,7,2,5,1,1,2,1,2,4,1,4,4,1,2,2,1,1,4,1,1,1,4,42,2,3,,5,2,79878
11/23/21 10:32,11/23/21 10:37,0,100,303,1,11/23/21 10:37,R_20V8CqHAScq7gVI,anonymous,EN,A2OSK04AGTLY6J,4,5,5,5,3,4,4,3,5,4,4,4,5,4,2,4,4,4,4,51,49,48,48,49,49,49,4,4,4,4,4,4,4,4,4,4,4,4,4,4,4,4,4,4,4,4,4,1,6,4,5,5,5,1,5,2,1,1,1,1,3,1,2,3,1,1,1,1,1,4,1,1,3,2,67,1,3,,4,3,98480
11/23/21 10:31,11/23/21 10:38,0,100,392,1,11/23/21 10:38,R_3R3lRJMOEQZz5bM,anonymous,EN,A2CAMVV9YNUA5O,5,6,5,5,6,5,5,4,4,4,3,3,4,4,3,4,5,5,4,50,49,49,49,48,49,49,4,3,3,3,3,3,4,4,4,4,4,3,4,4,4,4,4,4,4,4,5,3,7,4,5,5,5,2,4,5,1,1,2,1,3,1,1,4,1,1,1,1,1,4,1,1,1,5,60,1,2,,6,4,10366
11/23/21 10:31,11/23/21 10:35,0,100,243,1,11/23/21 10:35,R_3PSrNRhLKlxRn5M,anonymous,EN,A1JV2S5C8QHD1B,3,2,5,5,2,2,5,4,5,5,5,6,1,1,1,1,3,3,3,52,48,49,47,48,47,47,2,1,3,1,1,3,3,3,1,2,3,2,2,3,1,2,2,1,3,1,2,1,6,6,6,5,7,5,5,2,1,3,2,4,1,4,3,3,2,4,3,4,4,4,1,2,2,6,43,2,3,,2,1,21063
11/23/21 10:31,11/23/21 10:35,0,100,246,1,11/23/21 10:35,R_2OJgX1bZnspSys5,anonymous,EN,A2KE139TQ886T3,5,5,3,2,1,5,4,5,5,5,5,5,1,1,1,1,5,5,5,47,49,49,49,49,51,51,3,3,3,3,3,3,3,3,3,3,3,3,3,3,3,3,3,3,3,3,5,3,6,2,7,3,6,3,6,2,1,1,1,1,1,1,1,1,1,1,2,2,1,4,1,1,1,4,34,1,3,,6,5,79318
11/23/21 10:30,11/23/21 10:33,0,100,182,1,11/23/21 10:33,R_3pDqoLbQe216ubL,anonymous,EN,A1FS8SBR4SDWYG,6,7,6,7,7,7,4,5,6,5,5,6,2,1,1,1,4,6,6,53,53,53,53,53,48,49,4,4,4,4,4,3,4,4,4,4,4,4,4,4,4,4,4,2,4,4,6,5,5,5,6,7,7,4,7,1,2,1,1,2,2,3,3,2,1,2,5,5,5,4,5,5,5,1,35,1,3,,6,2,72460
11/23/21 10:30,11/23/21 10:33,0,100,171,1,11/23/21 10:33,R_3iyenVeIP6kNgjg,anonymous,EN,A23G1L7KYHK9F2,4,5,5,4,4,4,4,5,4,4,4,4,5,4,4,5,5,6,6,53,53,47,47,51,53,47,4,4,4,4,4,4,4,4,4,4,4,4,4,4,4,4,4,4,4,4,7,1,7,1,7,1,7,1,7,1,1,1,1,1,4,1,1,4,1,1,1,1,1,4,1,1,1,6,38,2,2,,5,3,39364
11/23/21 10:29,11/23/21 10:33,0,100,247,1,11/23/21 10:33,R_ANX5E11Legfw8P7,anonymous,EN,A3GCYGO7UPKXO9,6,6,6,5,4,5,3,3,3,4,3,3,4,5,5,5,5,5,5,48,48,48,48,48,48,48,2,3,3,3,3,3,3,3,3,4,3,3,2,4,3,4,3,3,3,3,2,2,6,5,6,6,6,5,6,4,3,2,2,2,3,2,3,3,2,2,2,2,3,4,3,3,3,3,32,1,3,,5,4,74143
11/23/21 10:29,11/23/21 10:35,0,100,339,1,11/23/21 10:35,R_21FdY8jfcoaPO34,anonymous,EN,A8MNBLIV99SXV,4,6,6,4,6,6,4,6,6,6,6,6,4,1,1,1,4,2,4,47,53,51,51,47,50,50,4,4,4,4,4,4,4,4,4,4,4,4,4,4,4,4,4,4,4,4,1,1,7,1,6,7,7,1,7,1,1,1,1,1,4,1,1,4,1,1,1,1,1,4,1,1,1,2,48,1,1,,3,1,77249
11/23/21 10:28,11/23/21 10:35,0,100,405,1,11/23/21 10:35,R_2WOqZ88w919oJuS,anonymous,EN,A19H6QRCGKBOUH,7,7,7,7,7,7,6,7,7,7,7,7,4,4,5,4,4,4,4,48,48,49,50,51,48,50,3,4,4,4,4,4,4,4,4,4,4,4,4,4,4,4,4,4,4,4,4,1,7,1,5,5,4,1,7,3,1,1,1,1,4,1,1,4,1,1,1,1,1,4,1,1,1,4,51,2,3,,4,2,56702
11/23/21 10:27,11/23/21 10:34,0,100,379,1,11/23/21 10:34,R_2cClknHddGb5HRx,anonymous,EN,A3E9YVRNEUB9CA,5,5,6,6,3,5,3,3,3,2,3,2,3,5,5,3,5,5,5,49,47,49,48,49,48,52,3,4,4,4,3,4,4,4,3,4,4,4,4,4,3,4,4,4,4,4,3,1,6,2,6,5,7,1,5,1,1,2,1,2,3,1,1,3,1,2,3,1,2,4,1,1,3,3,56,1,3,,3,3,27002
11/23/21 10:27,11/23/21 10:31,0,100,242,1,11/23/21 10:31,R_2BrI2aAdlGUAL5Y,anonymous,EN,A337Y4X67PY4QI,5,3,3,3,5,5,2,3,3,4,5,5,2,5,5,3,3,2,3,51,48,51,50,51,51,51,3,3,3,3,4,3,3,3,3,3,3,3,3,3,3,3,3,4,3,3,2,2,5,2,6,5,6,2,7,3,1,1,1,1,3,1,1,3,1,1,1,1,1,4,1,1,2,5,46,1,4,,5,5,94798
11/23/21 10:26,11/23/21 10:31,0,100,304,1,11/23/21 10:31,R_2Ey60fnU1x9by6l,anonymous,EN,A35TUIBF05DKM4,6,6,6,6,6,6,5,6,6,6,5,5,2,4,4,4,4,5,5,52,48,49,49,49,49,49,3,3,3,3,3,3,3,3,3,3,3,3,3,3,3,3,3,3,4,3,6,1,6,1,5,6,6,1,7,4,1,1,1,1,4,1,1,4,1,1,2,2,2,4,2,2,2,3,29,2,3,,5,3,87495
11/23/21 10:26,11/23/21 10:28,0,100,149,1,11/23/21 10:28,R_2bUb7xJb7IvNz1Z,anonymous,EN,A16A6ZCW538FVS,5,7,6,4,7,6,7,4,6,5,7,6,5,7,6,4,6,5,7,53,48,53,48,49,48,49,2,4,3,2,4,1,4,3,2,1,3,1,4,2,3,1,4,3,2,3,5,7,6,5,6,3,7,6,3,7,2,4,3,2,4,3,1,4,2,3,4,5,3,4,5,3,4,1,34,1,1,,6,3,68539
11/23/21 10:26,11/23/21 10:33,0,100,451,1,11/23/21 10:33,R_3dPWqggOYKnBzM7,anonymous,EN,A2QOB4FDI8ZHOB,5,6,5,4,2,5,2,3,4,3,2,2,2,2,1,1,5,5,6,48,49,51,51,52,52,48,1,2,2,1,3,2,3,3,3,1,2,3,1,1,2,2,2,1,1,2,1,2,6,5,3,2,6,4,2,1,2,1,4,3,1,3,3,1,4,3,2,1,3,4,2,2,2,3,56,2,3,,4,1,26690
11/23/21 10:26,11/23/21 10:36,0,100,628,1,11/23/21 10:36,R_1Kk93uvtdqgpcv7,anonymous,EN,A3GO56JAHRU2Y1,5,5,6,5,5,4,3,3,5,4,4,5,3,2,2,1,2,3,3,49,48,49,50,50,49,50,4,4,4,4,4,4,4,4,3,3,4,4,3,4,4,3,4,3,4,3,5,1,7,1,1,5,7,1,7,3,1,1,1,1,4,1,1,4,1,1,1,1,1,4,1,1,1,4,69,1,3,,6,3,46633
11/23/21 10:25,11/23/21 10:31,0,100,350,1,11/23/21 10:31,R_3jUP822vSVCfqhY,anonymous,EN,A1QC1K71RGKZBI,6,7,7,7,6,5,5,5,5,6,5,5,6,4,4,3,5,5,5,51,49,51,49,51,49,51,4,4,4,4,4,4,4,4,4,4,4,4,4,4,4,4,4,4,4,4,5,1,7,1,6,5,7,1,7,1,1,1,1,1,4,1,1,4,1,1,1,1,1,4,1,1,2,7,71,1,3,,4,1,14053
11/23/21 10:25,11/23/21 10:30,0,100,278,1,11/23/21 10:30,R_AB5zWhgVZgadxwR,anonymous,EN,A2X823PACMMOKP,5,5,5,5,5,3,6,6,6,6,6,5,3,3,5,4,5,5,6,48,50,49,48,48,49,49,2,3,3,3,3,3,3,3,3,3,3,3,3,3,3,3,3,3,3,3,6,5,6,3,6,3,6,3,6,2,1,1,1,1,4,1,1,4,1,1,1,1,1,4,1,1,2,3,60,1,4,,6,2,49361
11/23/21 10:25,11/23/21 10:28,0,100,196,1,11/23/21 10:28,R_1LUsbOTazhrZa6a,anonymous,EN,A2ZSL0EDN3H4AT,5,6,6,5,6,6,4,5,4,5,4,5,4,5,4,5,6,5,6,49,48,48,49,48,48,47,3,3,2,3,3,1,3,2,3,2,3,2,3,4,2,2,3,3,4,3,3,4,6,3,6,5,6,3,6,6,3,2,3,3,2,4,2,2,2,1,4,3,4,4,3,3,3,2,39,1,1,,3,3,36300
11/23/21 10:24,11/23/21 10:31,0,100,426,1,11/23/21 10:31,R_26gxj6T5LIbQGJj,anonymous,EN,A2LKGF193ZR5JP,5,6,5,5,4,3,3,5,5,4,5,5,3,4,3,4,3,5,4,49,48,49,51,51,51,49,2,3,3,3,3,3,2,3,4,3,3,3,2,3,3,3,2,2,3,3,3,5,6,7,3,6,6,3,4,6,2,3,2,1,3,1,1,3,2,1,3,2,4,4,1,3,2,4,22,2,2,,2,1,87746
11/23/21 10:24,11/23/21 10:32,0,100,433,1,11/23/21 10:32,R_e3YOIUbpNQVNxQd,anonymous,EN,A9YFEPJW62N8U,6,6,6,6,6,5,5,4,5,5,4,4,5,5,6,6,5,6,6,48,49,49,48,49,48,51,2,3,3,3,4,3,4,4,3,4,4,4,3,3,3,4,4,4,4,3,7,1,7,1,6,2,7,1,7,1,1,1,1,1,4,1,1,4,1,1,1,1,1,4,1,1,2,2,70,2,3,,4,3,90204
11/23/21 10:24,11/23/21 10:31,0,100,392,1,11/23/21 10:31,R_3pmQJFqh7T0Xe1o,anonymous,EN,A31842X2M9HQ4O,6,5,4,4,3,2,1,5,5,5,6,6,4,1,1,1,4,4,4,49,47,49,49,49,47,53,4,4,4,4,4,4,4,4,4,4,4,4,4,4,4,4,4,4,4,4,2,1,7,5,5,7,7,1,4,2,1,1,2,2,3,4,4,3,1,2,1,1,1,4,2,2,1,1,64,1,3,,5,3,37886
11/23/21 10:24,11/23/21 10:30,0,100,362,1,11/23/21 10:30,R_sUuTj9XfK4KkMVz,anonymous,EN,A3FAQHPVI8OUP0,5,5,4,5,3,4,5,6,5,5,2,2,4,3,4,5,4,5,3,51,47,52,53,52,48,51,3,3,4,4,4,4,4,4,3,4,4,4,3,4,3,3,4,3,4,4,4,1,7,1,6,3,2,1,7,2,1,1,1,1,3,1,1,3,1,1,1,4,1,4,1,1,1,5,70,2,3,,4,2,74240
11/23/21 10:24,11/23/21 10:29,0,100,297,1,11/23/21 10:29,R_3Gy6EhVAmHJOLdu,anonymous,EN,A3KU7DD8Q1NQ7P,1,2,2,2,1,4,2,3,2,2,1,4,3,2,3,3,1,2,2,52,47,52,51,52,51,50,2,2,2,2,3,3,3,2,3,3,3,3,3,3,2,2,2,2,2,3,1,3,5,3,3,5,4,3,4,4,2,1,2,1,2,1,1,2,2,1,2,3,3,4,3,4,3,6,63,2,3,,3,1,31083
11/23/21 10:24,11/23/21 10:28,0,100,259,1,11/23/21 10:28,R_1gqp2e7XbBABSy0,anonymous,EN,A11FRLH5KWRLBV,6,5,5,7,7,7,5,6,7,6,4,5,1,1,1,4,3,5,6,49,48,49,48,51,48,50,4,4,2,4,4,4,4,4,3,4,4,4,4,4,4,4,4,4,4,4,6,2,7,1,6,3,6,4,7,3,1,1,1,3,2,1,1,4,1,1,1,1,1,4,1,1,2,3,34,2,2,,5,2,30202
11/23/21 10:23,11/23/21 10:35,0,100,685,1,11/23/21 10:35,R_3sbHf1v07Igni1N,anonymous,EN,A2NQO8RQIG3D0C,6,6,5,5,6,6,3,3,5,4,2,2,5,5,6,6,6,6,6,48,48,48,47,48,48,51,3,2,3,3,2,3,3,2,3,3,3,3,3,3,3,3,3,2,3,3,6,5,6,5,7,4,6,2,6,1,3,2,2,2,1,2,2,3,1,2,2,2,2,4,1,2,1,2,38,1,1,,6,1,85454
11/23/21 10:23,11/23/21 10:32,0,100,513,1,11/23/21 10:32,R_yViKkCiVIOGCCBP,anonymous,EN,A25X755IRWK2U5,3,3,5,4,5,3,2,3,5,3,4,3,3,4,2,2,4,2,4,49,51,48,49,51,49,51,4,3,4,4,2,4,3,3,3,2,4,4,3,4,2,4,4,4,3,4,5,1,7,2,6,4,3,1,7,6,1,1,1,1,4,1,2,4,1,1,1,1,1,4,1,1,1,6,39,1,3,,5,2,44212
11/23/21 10:23,11/23/21 10:31,0,100,488,1,11/23/21 10:31,R_3dYW6dgVesV3UOq,anonymous,EN,A2M2WHA77ACWTX,5,3,4,3,2,5,3,5,3,3,3,4,3,4,3,2,3,4,3,51,49,48,47,49,48,50,3,2,3,2,2,2,2,3,4,3,4,3,3,3,2,2,3,2,3,3,2,2,6,3,3,6,6,1,5,2,1,2,2,2,2,1,2,2,1,1,1,1,2,4,1,2,3,2,73,1,3,,5,1,62998
11/23/21 10:23,11/23/21 10:28,0,100,284,1,11/23/21 10:28,R_3NVy8h6T34SOpcO,anonymous,EN,A1N81DHJ97L8OL,4,5,4,4,4,2,4,3,4,4,2,2,4,4,4,4,4,4,4,50,50,50,49,50,50,50,4,4,4,4,4,4,4,4,4,4,4,4,4,4,4,4,4,4,4,4,4,2,6,2,4,4,4,2,6,2,1,1,1,1,3,1,1,3,1,1,1,1,1,4,1,1,1,4,35,2,4,,3,1,29700
11/23/21 10:23,11/23/21 10:28,0,100,322,1,11/23/21 10:28,R_26hUa8uLnvN94Vg,anonymous,EN,A25F4VG7W3BTWV,6,7,6,6,6,6,6,6,6,6,6,6,6,6,6,7,7,7,7,52,48,48,48,51,49,49,1,4,4,4,4,4,4,4,4,4,4,4,4,4,4,4,4,4,4,4,5,1,7,5,5,5,5,1,5,1,1,1,1,1,1,1,1,1,1,1,1,1,1,4,1,1,1,6,45,1,"2,3",,2,1,17100
11/23/21 10:23,11/23/21 10:30,0,100,406,1,11/23/21 10:30,R_3VqJTULeKpMNJRf,anonymous,EN,A36HFMF9Z4BGS8,6,6,5,4,6,6,4,4,3,3,1,1,4,5,5,3,5,6,5,50,48,51,48,49,50,50,3,4,4,4,4,4,4,4,4,4,4,4,4,4,4,4,4,4,4,4,5,2,6,2,6,7,5,2,6,2,1,1,1,1,4,1,1,4,1,1,1,1,1,4,1,1,1,6,58,2,3,,3,2,98807
11/23/21 10:22,11/23/21 10:28,0,100,333,1,11/23/21 10:28,R_Rwszs4jioDnurXr,anonymous,EN,A2ATBS6XTIZE89,5,5,4,4,2,2,4,5,4,4,2,6,3,3,4,2,3,5,2,51,49,49,48,50,49,51,2,3,3,2,2,3,4,3,3,3,3,3,2,3,3,3,2,2,3,3,1,1,5,2,4,6,5,3,7,2,2,1,2,1,2,1,3,3,2,2,1,1,1,4,1,1,2,2,44,2,3,,3,2,90890
11/23/21 10:22,11/23/21 10:29,0,100,423,1,11/23/21 10:29,R_1rPqzMLbXbb6V23,anonymous,EN,AN5WGHGM4BTJ2,4,4,4,4,4,3,4,4,4,4,4,4,1,1,1,3,3,3,3,52,49,49,50,50,49,49,3,2,3,2,2,2,3,3,2,3,3,2,2,4,2,2,3,1,3,2,3,4,4,6,5,6,7,4,2,3,2,2,2,1,2,2,2,2,2,1,3,3,3,4,2,3,3,4,36,1,3,,5,1,44529
11/23/21 10:21,11/23/21 10:27,0,100,315,1,11/23/21 10:27,R_1PTsOTIsI1MuOpL,anonymous,EN,A74WSJU2N2I0U,5,6,4,4,5,4,3,5,5,3,4,4,4,5,4,1,5,4,5,50,51,51,53,53,47,49,4,2,4,2,1,4,4,2,3,2,3,2,2,4,2,3,4,3,2,3,3,3,5,4,3,4,5,6,6,4,1,3,2,4,3,2,2,3,2,2,3,4,4,4,5,3,4,5,31,2,2,,5,2,23088
11/23/21 10:20,11/23/21 10:25,0,100,276,1,11/23/21 10:25,R_1mrRUnGXCAItE0C,anonymous,EN,A1AD0XP7UTCMY2,4,4,4,4,4,4,6,6,5,4,5,4,2,1,2,2,4,4,4,53,47,50,49,49,49,50,1,2,3,3,3,3,3,3,3,3,3,3,3,2,3,3,3,3,3,3,4,2,6,2,6,4,6,1,6,1,1,1,1,1,1,1,1,1,1,1,2,1,1,4,1,1,1,3,30,2,2,,6,3,19477
11/23/21 10:20,11/23/21 10:25,0,100,272,1,11/23/21 10:25,R_YPRA9IHsvjo53nr,anonymous,EN,A29DF24JS60P35,5,5,5,5,4,5,2,4,4,4,6,4,4,1,1,2,4,5,5,51,48,51,49,49,48,52,4,4,4,4,4,4,4,4,4,4,4,4,4,4,4,4,4,4,4,4,2,3,7,4,4,7,6,1,6,3,1,1,1,2,4,1,1,4,1,2,1,2,1,4,1,2,2,7,39,1,3,,4,3,28957
11/23/21 10:20,11/23/21 10:24,0,100,260,1,11/23/21 10:24,R_pGYVnjrCHxo8MbD,anonymous,EN,A3MD34XEB4H6JF,5,6,5,6,5,3,6,3,3,1,1,6,3,3,1,2,5,6,5,48,48,49,49,49,49,53,2,2,3,2,3,3,3,3,4,3,3,3,3,3,3,2,3,4,3,2,2,1,6,1,6,5,6,1,6,1,1,1,1,1,3,2,2,3,3,1,1,1,1,4,1,1,3,1,54,1,"1,3",,4,1,20988
11/23/21 10:20,11/23/21 10:22,0,100,107,1,11/23/21 10:22,R_BtRtTZo5PVEFa81,anonymous,EN,A1ZE52NWZPN85P,4,6,4,4,3,3,4,5,4,4,3,3,7,5,4,5,4,4,5,51,53,52,52,51,51,51,3,3,4,2,3,3,4,3,3,4,4,4,3,3,3,4,4,4,4,4,4,3,3,2,6,3,5,4,6,3,1,1,1,1,1,1,1,1,1,1,1,1,1,4,1,1,1,2,35,2,3,,6,3,92200
11/23/21 10:20,11/23/21 10:26,0,100,356,1,11/23/21 10:26,R_eti1ry1YticQM6t,anonymous,EN,A18366ZPVL8FNG,5,5,6,6,6,5,3,6,5,5,4,3,3,2,3,2,5,5,5,48,48,49,48,48,48,51,2,3,4,4,4,4,4,4,3,3,4,4,4,4,4,4,4,4,4,4,5,2,6,5,5,3,6,2,4,3,1,1,2,1,2,2,1,2,2,1,1,2,2,4,1,1,1,2,55,1,3,,5,4,68073
11/23/21 10:19,11/23/21 10:25,0,100,334,1,11/23/21 10:25,R_erhK0loabjv1obv,anonymous,EN,AM7KUJM4MQOBM,5,5,5,4,5,5,3,3,4,4,3,3,2,2,2,1,4,4,4,50,48,50,49,49,52,52,2,3,3,2,4,3,3,3,4,4,4,4,3,4,3,4,4,3,4,3,3,1,7,1,4,6,4,1,6,5,1,1,1,1,2,1,2,2,1,1,1,1,1,4,2,2,2,4,66,2,3,,2,1,89306
11/23/21 10:19,11/23/21 10:23,0,100,212,1,11/23/21 10:23,R_12PBKavm4fBOGPY,anonymous,EN,AHZ7C7ETHYX3N,4,4,4,4,5,5,5,5,5,4,5,4,4,5,5,4,4,4,4,52,49,52,50,52,49,51,4,4,4,4,4,4,4,4,4,4,4,4,4,4,4,4,4,4,4,4,1,1,7,1,7,7,7,1,7,4,1,1,1,1,1,1,1,4,1,1,1,1,1,4,1,1,1,2,63,2,3,,4,3,90648
11/23/21 10:19,11/23/21 10:21,0,100,133,1,11/23/21 10:21,R_3gNjasgrnG8EErn,anonymous,EN,A3JZNUBAIASMKA,6,7,7,7,5,6,6,5,5,6,6,4,6,7,7,5,6,5,6,47,47,49,48,47,48,49,1,1,1,1,1,1,1,1,1,1,1,1,1,1,1,1,1,1,1,1,7,1,7,1,7,1,7,1,7,1,1,1,1,1,1,1,1,1,1,1,1,1,1,4,1,1,1,6,31,2,3,,5,3,25234
11/23/21 10:19,11/23/21 10:25,0,100,346,1,11/23/21 10:25,R_sX22h5v5FCTlEt3,anonymous,EN,A2V66KLFVJTLKC,7,7,7,7,5,5,5,5,5,7,3,3,1,1,1,1,5,5,5,48,47,47,48,49,49,51,4,4,4,4,1,4,4,4,2,4,4,3,4,4,1,4,4,1,4,4,1,1,6,6,6,7,6,5,2,6,1,2,1,1,4,1,2,4,1,1,2,5,5,4,1,5,5,2,40,1,3,,4,3,98534
11/23/21 10:19,11/23/21 10:23,0,100,228,1,11/23/21 10:23,R_UybFfoYMfeGWPZf,anonymous,EN,ARM9RPY5V2V5S,5,4,6,5,4,5,3,4,5,4,5,4,1,1,1,1,4,5,3,50,53,50,51,50,48,51,2,2,1,2,2,2,2,1,1,2,1,2,1,1,1,1,2,1,3,2,1,7,1,7,4,7,6,1,1,1,2,3,3,2,1,2,4,1,2,2,3,3,5,4,1,4,3,2,29,1,2,,5,2,79791
11/23/21 10:19,11/23/21 10:21,0,100,115,1,11/23/21 10:21,R_1kGHeMA3XLhUDOO,anonymous,EN,A2GZNOA5CIVKUB,5,6,7,6,6,7,3,2,2,1,2,1,3,3,2,2,1,1,1,49,49,49,47,47,49,48,3,2,2,3,3,3,3,3,3,3,3,3,3,3,3,3,3,3,3,3,5,6,7,5,6,5,5,3,2,3,2,1,1,2,2,1,2,2,1,1,3,2,2,4,3,2,2,2,27,1,3,,4,1,48398
11/23/21 10:19,11/23/21 10:23,0,100,288,1,11/23/21 10:23,R_2dunX82zRseDryH,anonymous,EN,A7I3G380E29VE,4,6,4,4,3,2,4,3,4,4,5,5,1,3,3,1,2,3,4,50,48,48,50,50,50,51,3,3,3,2,3,3,3,4,4,4,4,4,4,3,4,3,4,3,4,4,3,5,4,5,7,4,3,4,4,4,1,1,2,1,3,1,2,2,2,1,2,2,2,4,2,1,1,4,35,2,3,,3,3,12765
11/23/21 10:18,11/23/21 10:28,0,100,567,1,11/23/21 10:28,R_3ewOGkuFbvf4Pl4,anonymous,EN,A1PHDT66U6IK4Q,6,6,7,6,5,5,2,3,3,2,2,1,6,6,7,6,6,7,7,47,47,49,48,47,47,53,3,4,3,4,4,4,4,4,4,4,4,4,4,4,4,4,4,4,4,4,7,1,7,1,7,2,7,1,7,1,1,1,1,1,4,1,1,3,1,1,1,1,1,4,1,1,2,6,67,2,3,,5,2,66167
11/23/21 10:18,11/23/21 10:24,0,100,363,1,11/23/21 10:24,R_Q9OZA9umKAas0E1,anonymous,EN,A36N9D8OG0VZG9,5,6,5,3,3,2,3,4,4,3,5,6,1,1,2,2,1,1,1,51,48,49,48,49,48,51,3,2,2,1,1,2,2,1,3,2,2,1,2,2,3,2,1,1,1,3,1,5,7,7,5,6,5,1,2,7,1,2,4,2,1,4,4,1,3,3,1,4,5,4,4,5,2,1,68,1,3,,5,4,25909
11/23/21 10:18,11/23/21 10:31,0,100,758,1,11/23/21 10:31,R_3OlhSwjxSiFGA6a,anonymous,EN,A21J4SY5NBBDG6,5,6,4,6,4,5,6,6,4,6,7,4,6,5,6,6,4,6,5,52,50,52,51,52,52,50,4,3,3,2,3,3,4,3,4,3,3,4,3,4,2,3,4,3,2,3,6,7,5,6,5,5,6,4,4,5,2,3,2,2,3,4,3,4,4,3,3,4,2,4,3,4,4,6,29,2,3,,5,1,64112
11/23/21 10:18,11/23/21 10:24,0,100,333,1,11/23/21 10:24,R_2Ejibq0SqhS5wSQ,anonymous,EN,A3NG205QJ48IM4,5,5,5,5,3,4,5,5,5,5,2,3,4,4,3,4,3,5,4,51,49,49,49,51,49,51,3,3,4,3,2,3,2,3,3,2,4,3,3,3,2,3,3,2,3,2,4,1,6,2,6,4,7,1,5,5,1,1,1,2,3,1,3,3,1,2,1,3,2,4,2,3,2,3,68,1,3,,4,2,29824
11/23/21 10:18,11/23/21 10:22,0,100,262,1,11/23/21 10:22,R_2CqOubpmRnb4q88,anonymous,EN,AG707KZT39EZU,5,6,5,5,3,3,4,4,5,4,5,6,3,5,5,3,3,5,5,51,48,49,48,51,49,51,2,2,3,2,3,3,3,3,4,3,4,4,4,3,2,2,2,2,4,3,3,2,5,2,6,5,6,2,6,2,2,3,2,1,2,1,4,2,3,2,1,2,2,4,1,2,1,4,52,1,3,,3,3,91182
11/23/21 10:17,11/23/21 10:21,0,100,231,1,11/23/21 10:21,R_3NO06HDIguxD8EC,anonymous,EN,A2OPYRV3GLAPS1,5,3,2,3,2,4,3,5,6,5,4,4,2,4,3,2,4,4,4,49,51,47,47,48,51,49,2,3,3,2,3,4,3,4,4,3,4,4,4,3,4,3,3,2,4,4,3,1,3,2,7,6,6,5,6,3,2,3,2,3,3,2,2,3,1,3,1,2,2,4,2,2,2,1,33,2,3,,6,2,50879
11/23/21 10:17,11/23/21 10:21,0,100,247,1,11/23/21 10:21,R_10OisJxxX2swI7S,anonymous,EN,A11KMXC4ZR5PW2,5,5,6,5,4,5,5,4,5,4,4,5,5,5,4,2,3,5,5,50,49,49,48,49,49,49,2,2,2,3,3,3,4,4,3,3,2,3,3,4,2,3,2,3,3,2,5,6,5,4,3,4,3,5,6,5,2,1,1,2,3,2,2,3,1,2,1,1,2,4,1,1,1,6,48,2,3,,5,4,63282
11/23/21 10:17,11/23/21 10:24,0,100,414,1,11/23/21 10:24,R_DUguDlKnU51XaG5,anonymous,EN,A3PIHDC8LXVQ4H,6,6,6,6,7,7,6,6,6,6,7,7,4,4,4,2,5,5,5,51,51,51,50,50,50,50,4,4,4,4,4,4,4,4,4,4,4,4,4,4,4,4,4,4,4,4,3,1,7,1,3,2,6,1,7,7,1,1,1,1,1,1,4,4,1,1,1,1,1,4,1,1,1,6,62,1,3,,1,2,78570
11/23/21 10:17,11/23/21 10:22,0,100,302,1,11/23/21 10:22,R_1riux2VjkiS2UFb,anonymous,EN,A1UDOSYE75OYYI,5,4,5,5,5,6,3,6,4,4,5,5,5,6,5,4,4,5,5,49,48,49,47,48,48,48,3,4,4,3,3,4,4,4,3,4,3,4,4,4,4,4,4,4,4,4,5,2,7,1,6,4,5,2,7,1,1,1,1,2,4,1,2,4,1,1,1,2,1,4,1,2,1,2,27,2,1,,5,3,22748
11/23/21 10:17,11/23/21 10:21,0,100,292,1,11/23/21 10:21,R_25yBjYnRezPOtFp,anonymous,EN,A314XJY8V1YL12,5,6,6,5,6,5,2,6,5,6,4,4,2,3,5,5,6,5,5,51,49,48,48,49,48,51,3,3,4,3,4,4,3,4,4,4,4,3,4,4,3,4,4,4,4,4,5,2,6,2,6,5,7,2,7,2,2,1,1,1,4,1,3,3,2,2,1,2,1,4,1,1,1,3,49,1,3,,6,4,14106
11/23/21 10:16,11/23/21 10:22,0,100,371,1,11/23/21 10:22,R_1jK89pgSdVvvcpr,anonymous,EN,AS6V4N9C0YUEN,4,4,4,4,3,4,4,4,4,4,3,4,4,2,3,2,4,5,5,49,49,48,49,50,49,50,2,2,2,3,2,2,3,2,3,3,3,3,3,3,2,3,2,1,2,2,4,3,4,6,5,7,6,3,4,4,2,2,3,3,2,1,2,3,2,3,3,3,3,4,3,3,3,2,23,1,3,,3,1,37901
11/23/21 10:16,11/23/21 10:19,0,100,177,1,11/23/21 10:19,R_3Op4aDbYiHLk9nW,anonymous,EN,A35KHUV798F28S,5,3,5,4,4,5,4,5,2,4,4,3,4,4,5,5,4,5,5,50,50,51,51,51,50,50,3,3,2,2,2,3,2,2,3,3,3,2,2,2,2,2,3,3,2,1,5,3,3,4,5,4,5,4,5,4,3,3,3,4,3,4,4,3,4,3,4,3,4,4,3,3,3,3,22,1,2,,3,2,58810
11/23/21 10:15,11/23/21 10:21,0,100,314,1,11/23/21 10:21,R_3g4P7VG6AUtjJkw,anonymous,EN,A1BIJGB7XA0GME,5,6,5,6,5,6,3,3,2,3,3,2,5,3,3,3,5,3,3,51,48,48,49,49,48,51,2,4,4,4,4,3,4,4,4,4,4,4,4,4,4,4,4,4,4,4,7,1,7,1,7,1,6,3,7,1,1,1,1,1,3,1,3,3,1,1,1,1,1,4,1,1,1,3,55,1,3,,4,3,50953
11/23/21 10:15,11/23/21 10:19,0,100,251,1,11/23/21 10:19,R_1nTRb9TCNUmEDjJ,anonymous,EN,A3R6UEMK36XGA7,5,4,5,4,4,5,3,5,5,4,5,5,4,4,4,1,4,5,5,53,47,49,47,49,49,49,3,3,3,3,3,3,3,4,4,4,4,3,4,4,4,4,4,4,4,4,6,5,7,1,7,1,7,1,7,1,1,1,1,1,4,1,2,3,1,1,1,1,1,4,1,1,1,5,41,1,3,,4,2,40576
11/23/21 10:15,11/23/21 10:19,0,100,277,1,11/23/21 10:19,R_2YfwnyP4wdKd5aO,anonymous,EN,A2FJYDSAE26ILV,5,6,6,6,6,6,3,5,6,5,5,5,1,1,1,1,5,5,5,52,48,49,47,49,48,52,4,4,4,4,2,4,4,4,4,4,4,3,4,4,2,2,4,1,4,3,1,3,6,7,5,7,7,3,6,1,1,1,1,1,4,1,1,4,1,1,5,1,5,4,5,5,1,7,32,1,3,,3,1,17376
11/23/21 10:14,11/23/21 10:24,0,100,612,1,11/23/21 10:24,R_2wpLzRu41eDT7Vt,anonymous,EN,A2AMAU5O7O3AWX,5,6,6,5,5,3,4,4,4,4,5,5,4,5,4,5,4,4,5,49,51,49,48,50,49,50,3,3,4,4,3,2,4,4,4,2,4,3,3,3,3,3,4,3,2,3,5,2,3,6,6,4,6,4,3,3,2,3,2,3,4,1,3,3,2,4,2,2,3,4,2,1,2,2,28,1,3,,6,2,19870
11/23/21 10:14,11/23/21 10:17,0,100,191,1,11/23/21 10:17,R_RCPvKknrn7HpMml,anonymous,EN,A1EHEQSM7S7PLO,5,5,6,5,5,6,3,4,3,3,3,4,3,2,2,2,3,5,6,52,49,49,47,48,51,49,2,3,3,2,2,2,3,3,3,2,3,3,2,2,2,2,3,3,3,4,3,5,5,5,6,6,6,5,6,2,2,1,1,1,2,1,3,2,2,2,1,1,1,4,2,2,2,1,34,2,3,,6,4,30826
11/23/21 10:14,11/23/21 10:19,0,100,282,1,11/23/21 10:19,R_3LdRKvkDNZpwksB,anonymous,EN,A2Y08M7NDYFO56,6,5,4,4,5,5,4,5,4,4,5,3,3,3,2,1,4,3,4,51,52,49,49,49,51,49,3,3,4,4,3,4,4,4,3,3,4,4,3,3,3,3,3,3,4,3,1,2,5,3,3,5,5,3,6,4,1,2,1,2,3,1,3,4,1,2,1,1,1,4,2,1,1,2,37,1,1,,5,1,44087
11/23/21 10:14,11/23/21 10:17,0,100,179,1,11/23/21 10:17,R_3qllYuMeyTkaHk2,anonymous,EN,A3APMO8WXVH1V0,5,6,2,2,2,2,3,4,3,3,4,5,1,1,1,2,2,2,2,52,49,49,48,51,49,50,2,3,3,3,2,4,3,2,2,2,3,3,2,3,2,2,3,1,1,2,2,5,6,4,5,6,3,2,5,2,2,2,2,2,2,2,2,3,2,2,3,3,5,4,3,4,1,2,29,1,3,,3,2,27192
11/23/21 10:13,11/23/21 10:17,0,100,237,1,11/23/21 10:17,R_3MEXF7uTwDMcYr9,anonymous,EN,A33PHCBUOD4WKD,3,3,3,4,3,4,5,5,5,5,6,4,5,5,3,3,4,5,4,51,48,48,48,50,49,51,3,3,3,3,3,4,4,4,4,4,4,4,4,4,4,4,4,3,4,4,6,2,7,2,6,3,5,1,6,5,1,2,1,1,4,1,2,4,1,2,1,1,1,4,1,2,2,2,33,1,3,,6,5,24628
11/23/21 10:13,11/23/21 10:17,0,100,263,1,11/23/21 10:17,R_3M6ihhUDxEtFkME,anonymous,EN,A56TWAXG8WGWM,3,4,5,6,5,4,5,5,4,5,4,3,2,6,5,6,6,6,4,50,50,49,50,48,52,51,3,4,4,4,4,3,4,3,4,4,4,4,4,4,4,4,4,4,4,4,3,1,4,4,6,6,6,1,7,4,2,3,1,3,3,3,2,4,2,2,2,1,3,4,2,1,2,6,40,1,3,,6,4,27159
11/23/21 10:12,11/23/21 10:14,0,100,108,1,11/23/21 10:14,R_3PWPWf6KqoZxeQD,anonymous,EN,A2L2E6J3D23CN4,4,3,3,3,2,3,4,4,3,3,4,4,3,4,5,4,4,5,5,48,49,48,49,49,49,49,1,2,2,1,3,3,2,3,3,3,2,1,2,1,2,3,3,3,2,3,3,5,5,7,4,5,5,2,1,2,3,3,4,4,3,3,4,4,3,3,3,2,3,4,3,4,4,1,31,2,3,,5,3,63489
11/23/21 10:12,11/23/21 10:17,0,100,303,1,11/23/21 10:17,R_2OPSySbJlxReAIb,anonymous,EN,A36GR8MUA34VW6,5,5,5,6,5,5,3,3,4,4,3,3,4,4,5,5,4,4,4,50,51,51,51,50,49,50,2,4,3,4,4,3,4,4,4,4,4,4,4,3,4,4,4,3,4,4,5,2,6,2,5,4,6,2,6,4,1,1,1,1,3,1,1,4,1,1,2,1,1,4,1,1,1,3,46,1,4,,5,4,11545
11/23/21 10:12,11/23/21 10:16,0,100,226,1,11/23/21 10:16,R_2ZOyWkPHMjGjlTv,anonymous,EN,AS2MFSWNC5CQI,6,4,7,5,7,6,5,6,6,5,5,5,1,2,2,1,5,6,5,50,48,51,48,49,48,52,4,3,4,4,4,3,4,4,4,3,4,4,4,4,4,4,3,4,4,4,1,2,7,2,4,6,6,1,6,6,1,1,1,1,4,1,1,4,1,1,2,3,4,4,4,2,3,4,38,1,3,,3,3,60218
11/23/21 10:12,11/23/21 10:18,0,100,399,1,11/23/21 10:18,R_2wmhu2fBQoFFOt4,anonymous,EN,A2YLTA4QNKYSRY,4,4,4,4,5,4,3,5,5,4,6,5,2,2,3,1,2,2,2,49,50,51,51,50,50,49,4,4,4,4,4,4,4,4,3,4,4,4,4,4,2,4,4,3,4,3,1,1,5,2,4,5,6,1,6,2,1,1,1,2,4,1,2,3,1,1,1,1,1,4,2,2,2,5,23,2,2,,5,3,12609
11/23/21 10:12,11/23/21 10:14,0,100,155,1,11/23/21 10:14,R_1lsMMGkcHZZ8lLI,anonymous,EN,A1HRH92NH49RX2,4,4,7,3,6,5,6,5,3,4,5,5,4,3,7,4,5,4,5,51,50,51,49,51,53,51,3,2,2,4,1,2,4,4,3,4,1,2,2,1,1,4,3,1,3,4,5,4,4,5,3,2,5,7,4,3,2,4,2,1,4,2,2,4,1,4,4,3,5,4,1,3,4,3,33,2,3,,5,3,71931
11/23/21 10:12,11/23/21 10:16,0,100,288,1,11/23/21 10:16,R_21Hur7EDlpRJ6fL,anonymous,EN,A1JJYY622DGE5L,5,6,4,4,3,2,2,5,3,4,3,5,2,4,5,7,2,2,3,50,49,49,49,48,48,51,1,2,1,1,2,1,2,1,3,1,1,1,1,1,2,1,1,2,1,1,3,5,7,6,6,2,6,2,2,2,2,3,2,3,1,1,4,3,3,2,1,2,3,4,4,3,1,2,46,1,3,,5,2,92595
11/23/21 10:11,11/23/21 10:17,0,100,328,1,11/23/21 10:17,R_3iC5sYhR4KwwhN2,anonymous,EN,A1EU2GVLVPXVQ3,5,6,5,4,5,4,6,6,6,4,6,5,4,4,4,3,3,5,4,51,49,49,50,50,49,51,4,4,4,4,4,4,4,4,4,4,4,4,4,4,4,4,4,3,4,4,6,5,7,1,5,3,7,1,5,4,1,1,1,1,4,1,1,4,1,1,1,1,1,4,1,1,1,7,66,2,3,,3,2,45193
11/23/21 10:11,11/23/21 10:16,0,100,308,1,11/23/21 10:16,R_1Eb6bSBCDWwvXWH,anonymous,EN,AGWSOBI4I4T9Z,5,6,4,4,3,2,1,3,4,5,6,6,1,1,1,1,1,1,1,51,48,49,48,51,47,53,3,2,4,4,2,4,4,4,1,4,4,4,2,4,2,4,3,1,3,2,1,1,7,7,2,7,2,1,1,7,1,4,2,2,1,1,4,2,1,2,5,5,5,4,1,5,1,1,35,1,3,,2,2,30318
11/23/21 10:11,11/23/21 10:15,0,100,242,1,11/23/21 10:15,R_b2xwKTCVwW4XtXb,anonymous,EN,A3E76V59BKGKCQ,5,5,6,5,4,5,3,7,5,6,4,3,3,5,4,5,3,6,5,51,48,49,49,49,49,50,3,4,4,3,3,3,4,3,3,3,4,4,4,3,3,3,2,3,3,3,4,2,5,3,6,5,7,1,6,2,1,1,2,2,3,1,1,3,2,2,2,1,1,4,2,2,3,5,23,2,3,,3,1,30335
11/23/21 10:11,11/23/21 10:15,0,100,237,1,11/23/21 10:15,R_1QLqQDd2xlq9LD9,anonymous,EN,AXP8EG22MPZY8,5,5,2,2,1,5,3,3,6,6,6,6,2,5,1,2,1,4,2,48,48,48,48,52,48,51,3,3,3,3,3,3,3,3,3,3,3,3,3,3,3,3,3,3,3,3,5,1,5,2,5,2,5,2,7,1,1,1,1,1,4,1,1,4,1,1,1,1,1,4,1,1,1,7,41,2,3,,4,4,38219
11/23/21 10:10,11/23/21 10:16,0,100,313,1,11/23/21 10:16,R_6gvEg6Xu73fPbHz,anonymous,EN,A2EAIMII6MSIO5,5,5,6,6,5,6,3,5,6,5,5,5,5,3,3,1,5,5,5,49,47,51,49,49,53,48,4,4,4,4,4,4,4,4,4,4,4,4,4,4,4,4,4,4,4,4,7,1,6,6,3,1,7,2,3,6,1,1,1,1,4,1,1,4,1,1,1,1,1,4,1,1,1,2,48,1,3,,2,2,86016
11/23/21 10:10,11/23/21 10:14,0,100,218,1,11/23/21 10:14,R_XOklY3THIxEK3sJ,anonymous,EN,A3O39S9T9LRU52,4,5,5,4,5,6,4,5,4,5,5,5,2,3,3,2,2,2,4,51,49,49,49,51,50,50,3,3,3,3,3,3,3,3,3,3,3,3,3,3,3,3,3,4,3,3,5,3,6,1,6,2,5,1,6,1,1,1,1,1,1,1,1,4,1,1,1,1,1,4,1,1,1,4,46,2,3,,3,4,38926
11/23/21 10:10,11/23/21 10:13,0,100,205,1,11/23/21 10:13,R_Uc4NAVM4ASnWae5,anonymous,EN,A3P3T6XWCUWJEM,5,5,5,6,7,6,3,3,3,4,3,4,5,5,3,3,3,4,4,49,52,51,51,51,53,53,4,4,4,4,4,4,4,4,4,4,4,4,4,4,4,4,4,4,4,4,6,2,6,2,6,2,6,1,6,1,1,1,1,1,1,1,1,1,1,1,1,1,1,4,1,1,1,2,59,2,3,,6,2,93853
11/23/21 10:09,11/23/21 10:14,0,100,288,1,11/23/21 10:14,R_3gXcwvBoLCVesJR,anonymous,EN,A3MYRZ02DWKZW,2,4,4,2,2,3,2,5,4,3,4,4,4,1,1,1,6,7,6,52,53,48,48,47,53,47,4,4,4,4,4,4,4,4,2,3,3,4,1,4,3,4,4,4,4,4,6,7,7,2,6,4,4,1,1,3,1,1,3,1,1,1,3,4,1,2,1,1,1,4,1,1,1,4,38,1,3,,3,5,83045
11/23/21 10:09,11/23/21 10:14,0,100,325,1,11/23/21 10:14,R_3P4yUj6wYCgQ2n5,anonymous,EN,A2PQDK3MLDFXYM,6,6,7,7,4,4,4,3,3,4,3,3,4,5,5,4,5,5,5,48,48,49,48,48,48,49,2,3,2,3,3,3,3,2,3,3,3,3,4,3,3,3,2,2,3,3,3,5,6,5,5,5,6,1,5,2,1,1,2,2,2,2,1,3,1,1,3,1,2,4,1,2,1,3,29,1,3,,2,1,38412
11/23/21 10:08,11/23/21 10:13,0,100,264,1,11/23/21 10:13,R_dgb5ItvnjiTzcEV,anonymous,EN,A2R6UQCQ8T3RZE,4,2,4,4,3,1,1,3,4,4,2,6,1,2,2,4,1,1,2,53,48,53,49,53,48,52,1,1,1,1,1,3,1,1,1,1,1,1,1,1,1,1,1,1,1,1,1,6,7,5,6,7,4,1,3,2,1,2,4,4,2,3,3,2,4,4,2,1,3,4,2,2,1,6,31,2,3,,5,1,22434
11/23/21 10:08,11/23/21 10:12,0,100,231,1,11/23/21 10:12,R_30ppxwEoCNQwQqw,anonymous,EN,A25Q1FKANAEYNH,1,4,5,3,4,3,2,6,6,5,5,4,7,1,1,3,2,2,2,48,52,47,47,47,47,47,4,2,4,3,4,4,4,4,4,4,4,4,4,4,4,4,4,4,4,4,6,5,5,1,2,7,7,1,7,1,1,1,1,1,1,1,1,1,1,1,1,1,1,4,2,4,1,4,28,2,2,,3,1,11721
11/23/21 10:08,11/23/21 10:11,0,100,192,1,11/23/21 10:11,R_25QJso28N5CfzhT,anonymous,EN,A3A6IRYD075F4P,5,5,5,5,5,5,3,3,4,4,4,4,2,2,2,2,1,1,1,52,48,51,51,49,48,52,3,3,3,3,3,3,3,3,3,3,3,3,3,3,3,3,3,2,3,3,1,1,7,1,7,7,7,1,7,1,1,1,1,1,4,1,1,4,1,1,3,3,3,4,2,3,2,1,45,1,3,,5,3,21591
11/23/21 10:08,11/23/21 10:12,0,100,232,1,11/23/21 10:12,R_OkFmdCKbExgAq3f,anonymous,EN,A2137K4XEU12TI,6,5,6,6,6,5,3,6,6,6,3,4,5,5,5,6,5,5,5,49,52,51,51,50,49,51,3,4,4,4,4,4,4,4,4,4,4,4,4,4,4,4,4,3,4,4,7,1,6,2,5,3,6,1,7,3,1,1,1,1,1,1,1,1,1,1,1,1,1,4,1,1,1,4,46,1,3,,6,5,70772
11/23/21 10:08,11/23/21 10:12,0,100,256,1,11/23/21 10:12,R_3qaDZmiqAqLQL7k,anonymous,EN,A3NLTWZWNTWA34,4,3,4,4,3,3,4,4,4,4,3,4,3,2,2,2,3,4,4,48,47,49,47,50,48,51,2,2,3,2,3,2,4,4,4,2,3,4,4,3,3,2,3,2,4,3,1,1,6,7,3,7,7,2,5,1,2,3,4,4,2,3,4,2,3,4,1,1,2,4,1,1,4,2,27,1,3,,5,1,73309
11/23/21 10:08,11/23/21 10:14,0,100,372,1,11/23/21 10:14,R_cN480Gz9WjpLwlz,anonymous,EN,A2SXOQZNH7UCC5,5,5,3,4,4,4,5,6,6,6,5,5,5,4,4,4,5,5,5,49,49,48,48,49,48,52,3,4,4,4,3,4,4,4,4,3,4,4,4,4,3,4,4,4,4,3,6,2,6,2,7,2,6,2,6,1,2,1,1,1,3,1,1,3,1,1,1,1,1,4,1,1,2,2,32,1,3,,6,3,12914
11/23/21 10:07,11/23/21 10:11,0,100,196,1,11/23/21 10:11,R_12FF3hI9HJ9paw0,anonymous,EN,A1PIGZNLSQMGNW,3,2,5,4,3,3,3,2,2,3,2,2,3,5,4,3,5,6,6,48,49,49,48,49,47,51,2,1,2,1,1,1,2,2,2,1,2,2,1,1,2,1,2,1,2,3,2,5,6,5,5,6,5,2,3,2,2,1,1,1,3,1,3,3,2,1,3,4,4,4,3,4,3,2,41,2,3,,3,2,40100
11/23/21 10:07,11/23/21 10:12,0,100,261,1,11/23/21 10:12,R_YPlcP4uYlBScdHP,anonymous,EN,A34H7UVYQTC390,6,5,4,5,3,3,2,5,4,4,3,6,2,2,2,3,2,5,3,52,48,50,49,51,49,51,2,1,2,1,1,2,1,1,2,2,2,1,1,2,1,1,2,1,2,2,2,5,6,6,4,6,4,2,3,3,1,2,2,2,2,3,2,2,3,2,2,3,2,4,3,3,3,2,43,1,3,,6,1,11343
11/23/21 10:07,11/23/21 10:12,0,100,292,1,11/23/21 10:12,R_3nGeSvy8B9rvhp5,anonymous,EN,A2OIHB0WTFC3BJ,4,3,4,4,4,5,5,5,5,4,5,5,3,5,5,5,3,2,3,49,48,49,50,50,49,50,3,2,3,2,2,2,3,3,3,2,3,3,3,2,3,2,3,3,3,3,5,4,1,6,2,5,3,6,2,5,1,1,1,2,3,2,1,3,3,2,2,1,2,4,2,2,3,2,36,2,3,,3,2,98975
11/23/21 10:07,11/23/21 10:13,0,100,334,1,11/23/21 10:13,R_1IW9IlHOEBOT4Be,anonymous,EN,AXU91NVCGW9B,4,4,4,4,4,4,4,4,4,4,4,4,4,3,3,1,1,6,3,51,48,49,49,50,49,49,3,4,3,4,3,4,4,4,4,4,4,4,4,4,4,4,4,4,4,4,4,2,6,1,5,3,7,1,6,3,1,1,1,1,4,1,1,4,1,1,1,1,1,4,1,1,1,2,55,1,3,,4,1,25198
11/23/21 10:06,11/23/21 10:12,0,100,358,1,11/23/21 10:12,R_tM2B0gNPZyVB4mB,anonymous,EN,AAKBYJD64R6K,4,5,6,4,4,4,4,4,6,5,4,4,5,2,1,1,4,4,5,51,48,48,49,49,48,49,4,4,4,4,4,4,4,4,4,4,4,4,3,4,4,4,4,4,4,4,7,1,7,1,7,7,5,1,7,3,1,1,1,1,4,1,1,4,1,1,1,1,1,4,1,1,1,3,47,2,1,,6,5,47035
11/23/21 10:06,11/23/21 10:12,0,100,337,1,11/23/21 10:12,R_1dotNzrt6CLryZd,anonymous,EN,A3DIISD224GRPL,5,6,6,4,4,6,4,3,5,4,3,3,7,6,6,4,5,7,6,53,53,52,53,50,47,51,4,4,4,4,4,4,4,4,4,4,4,4,4,4,4,4,4,4,4,4,6,1,7,1,5,3,5,1,7,2,1,1,1,1,4,1,1,4,1,1,1,1,1,4,1,1,1,7,49,2,3,,5,3,92007
11/23/21 10:06,11/23/21 10:10,0,100,240,1,11/23/21 10:10,R_ZpDWJhUfVH1gZHz,anonymous,EN,A3U01JD1ZRRHPL,4,6,5,4,5,5,3,4,3,4,3,3,3,2,2,1,5,5,5,48,49,48,48,49,51,51,4,4,4,4,4,3,4,4,4,4,4,4,4,4,4,4,4,3,4,4,5,1,5,1,6,3,5,2,6,3,1,1,1,1,3,1,3,3,1,1,1,1,1,4,2,1,1,6,56,1,3,,5,5,90748
11/23/21 10:06,11/23/21 10:08,0,100,154,1,11/23/21 10:08,R_1igiBRShpdekTFd,anonymous,EN,A3F2W4HZRDKNW7,4,5,4,4,5,5,4,5,4,5,5,5,4,5,6,5,4,4,4,50,50,51,50,50,50,51,2,2,3,2,2,3,2,1,2,2,2,3,2,3,2,3,3,2,2,3,4,3,4,5,4,4,5,4,2,4,2,3,2,3,3,2,3,2,2,2,3,4,3,4,3,3,3,5,38,2,3,,3,1,82620
11/23/21 10:06,11/23/21 10:11,0,100,307,1,11/23/21 10:11,R_WpoBgxctqTTPgKl,anonymous,EN,A36QGCT3MMXC4Q,5,5,6,5,6,6,4,6,5,5,4,4,5,6,5,5,4,3,5,48,48,49,49,50,48,49,3,4,4,4,4,3,4,4,3,2,4,4,3,4,3,4,4,4,4,3,6,2,6,1,5,2,5,2,6,4,1,1,1,1,1,1,1,3,1,1,1,2,1,4,2,2,2,5,57,1,3,,5,5,89424
11/23/21 10:05,11/23/21 10:09,0,100,222,1,11/23/21 10:09,R_1DDb2i9EN948mOn,anonymous,EN,A2IJGSO19TDI2T,4,5,5,5,4,4,5,4,4,4,5,4,5,5,5,3,7,7,7,48,48,52,48,49,49,49,1,4,3,4,4,4,4,4,4,4,4,4,3,4,4,4,4,3,4,4,4,4,5,2,3,5,5,4,6,7,1,1,1,1,3,1,2,3,1,1,2,1,2,4,2,2,1,1,43,2,3,,6,6,33645
11/23/21 10:05,11/23/21 10:10,0,100,280,1,11/23/21 10:10,R_2wHMPEcUKdaSGzj,anonymous,EN,A1SYMCOR29IWNA,5,6,5,6,3,5,4,3,3,4,4,3,3,6,5,6,4,3,2,52,49,49,47,51,51,48,1,2,2,1,1,2,2,1,2,2,2,2,3,2,1,1,1,2,3,2,3,7,6,2,7,5,3,2,6,1,1,1,3,2,3,2,4,3,3,2,3,2,4,4,2,2,1,2,31,2,3,,3,1,84370
11/23/21 10:05,11/23/21 10:12,0,100,385,1,11/23/21 10:12,R_1ezcmHwZDcROPk2,anonymous,EN,A1OKFYVJTEK4BI,5,6,6,6,6,5,4,4,5,4,3,3,3,4,4,2,4,4,5,51,48,50,51,50,49,51,3,3,4,3,4,3,4,4,4,3,4,4,3,4,4,3,4,3,4,4,3,1,7,1,6,7,6,1,7,4,1,1,1,1,4,1,1,4,1,1,1,1,1,4,1,1,1,4,64,2,3,,6,3,72522
11/23/21 10:05,11/23/21 10:10,0,100,286,1,11/23/21 10:10,R_2OVjgrBnKNeGZCr,anonymous,EN,AR149JH34I0RE,5,5,6,5,6,6,4,5,5,5,6,5,4,3,3,3,4,5,4,49,48,49,48,49,48,52,3,3,3,3,3,3,4,3,4,4,4,4,4,3,3,4,4,3,4,4,3,4,6,2,6,5,6,1,6,2,1,1,1,2,4,1,2,4,1,1,2,1,1,4,2,2,1,1,35,1,3,,5,3,90386
11/23/21 10:05,11/23/21 10:12,0,100,417,1,11/23/21 10:12,R_RLCrENO9NCign1T,anonymous,EN,A2LQ1YUW7WUOCO,4,5,5,5,5,5,4,6,6,5,5,4,1,1,1,1,3,4,4,50,49,49,48,49,49,49,2,2,3,3,3,3,2,3,2,2,3,3,4,3,3,2,4,2,3,3,1,2,6,5,5,5,6,2,3,2,2,1,2,2,4,2,3,3,2,3,1,2,3,4,3,3,2,4,31,1,"3,4",,5,4,38763
11/23/21 10:05,11/23/21 10:08,0,100,198,1,11/23/21 10:08,R_RPmxbUrlumfFeud,anonymous,EN,A1OKMU27HBN9T3,5,6,4,4,2,3,4,4,5,6,6,5,2,2,1,1,1,3,3,52,48,51,49,51,48,52,4,4,4,4,4,4,4,4,3,4,4,4,4,4,3,4,4,4,4,4,2,5,6,6,3,4,2,2,2,1,1,2,1,1,1,1,2,2,1,1,3,2,4,4,3,3,2,4,48,1,3,,5,4,93772
11/23/21 10:04,11/23/21 10:08,0,100,227,1,11/23/21 10:08,R_VKCVD7aZ7MTIifT,anonymous,EN,A2YC6PEMIRSOAA,6,6,6,6,6,6,6,6,6,6,6,6,2,4,3,3,1,2,3,48,48,52,52,52,48,50,3,3,3,3,3,3,4,4,4,4,4,4,4,4,4,4,4,4,4,4,5,3,6,2,5,4,5,2,6,6,1,1,1,1,4,1,1,4,1,1,1,1,1,4,1,1,2,5,39,1,3,,2,2,37083
11/23/21 10:04,11/23/21 10:09,0,100,254,1,11/23/21 10:09,R_2CI18buNryl6BoD,anonymous,EN,A34EHWOYRBL6OZ,4,6,5,5,5,4,5,4,5,5,4,4,4,3,2,1,4,4,4,50,53,51,53,53,50,50,4,4,4,4,4,4,4,4,4,4,4,4,4,4,4,4,4,4,4,4,5,1,7,2,7,5,7,1,6,1,1,1,1,1,3,1,1,4,1,1,1,1,1,4,1,1,1,6,34,1,3,,2,3,59911
11/23/21 10:04,11/23/21 10:07,0,100,175,1,11/23/21 10:07,R_1imHTZHan6N8hEV,anonymous,EN,AA1IM0SAQ3XFM,5,5,5,5,6,5,3,3,3,3,3,3,6,6,6,6,6,3,6,50,49,49,48,48,49,49,2,1,2,2,2,2,1,2,2,2,2,2,2,2,1,2,2,3,2,2,4,5,4,6,6,4,7,5,4,4,3,3,3,3,3,3,3,2,4,3,3,3,3,4,4,4,4,1,39,1,3,,3,2,36578
11/23/21 10:04,11/23/21 10:11,0,100,436,1,11/23/21 10:11,R_23TZLDLrLkgoItC,anonymous,EN,A4BDXOXC4D8FX,3,3,5,5,5,5,2,2,3,3,5,3,2,1,1,1,5,5,5,51,49,49,48,51,49,51,4,3,4,2,2,4,4,2,2,1,2,2,2,3,1,1,3,4,1,1,1,1,6,1,1,6,6,1,7,1,1,1,1,1,2,1,1,3,1,1,3,3,3,4,1,1,1,5,36,1,3,,3,1,41505
11/23/21 10:03,11/23/21 10:07,0,100,250,1,11/23/21 10:07,R_9NMHfRyiEVLSQLv,anonymous,EN,A2WNW8A4MOR7T7,6,6,5,5,5,6,3,4,4,3,3,4,3,2,3,1,2,3,2,50,51,48,49,50,50,49,3,1,3,2,2,3,3,2,2,1,2,2,2,3,1,2,2,2,2,2,4,5,5,4,4,5,6,5,5,5,3,3,2,2,3,2,3,1,2,2,3,3,4,4,3,3,3,3,57,2,3,,3,1,58772
11/23/21 10:03,11/23/21 10:09,0,100,370,1,11/23/21 10:09,R_2CVRjzPtnbnBKuQ,anonymous,EN,A3KCG60100K3Y5,5,6,6,5,4,4,5,6,6,5,5,4,1,1,1,1,1,4,4,50,49,50,49,50,50,50,2,3,4,4,3,4,4,4,3,4,4,4,3,4,4,4,4,4,4,2,7,2,7,6,4,6,7,1,4,1,3,3,1,2,3,1,4,4,1,4,1,1,1,4,1,2,3,4,59,1,3,,2,2,92718
11/23/21 10:03,11/23/21 10:05,0,100,174,1,11/23/21 10:05,R_21mp8Nf3HDEVBl1,anonymous,EN,A1T0ND039EWAVV,7,6,7,6,6,7,2,1,2,2,1,2,5,6,6,4,5,6,5,48,47,48,48,48,48,51,3,4,4,3,4,3,3,4,4,4,3,4,4,4,4,4,3,3,4,4,2,3,6,2,6,7,7,2,6,1,1,1,1,1,3,1,1,4,1,1,1,2,2,4,2,1,1,3,43,1,1,,3,3,93352
11/23/21 10:02,11/23/21 10:06,0,100,234,1,11/23/21 10:06,R_3MoLK3XYnw7SyAZ,anonymous,EN,AJZWOT3T73M92,6,6,4,4,4,4,4,5,4,4,4,4,5,4,1,1,3,3,3,50,51,48,48,48,48,51,2,2,2,2,1,4,4,3,4,4,4,4,4,4,2,4,4,4,4,4,6,1,7,7,7,5,7,3,3,1,2,2,2,2,3,1,3,3,2,2,1,1,3,4,3,2,3,2,31,1,3,,3,2,95843
11/23/21 10:01,11/23/21 10:06,0,100,271,1,11/23/21 10:06,R_3CJHqw9ofVdf8Cc,anonymous,EN,A366GBJUGP5F9Z,5,7,6,5,6,5,4,6,7,6,5,5,4,5,3,2,4,5,6,47,48,47,47,48,47,51,2,2,1,2,2,1,3,2,3,2,3,3,2,1,2,2,2,4,2,1,5,3,6,6,6,3,7,2,4,2,1,3,3,4,4,1,3,2,3,3,4,3,3,4,2,3,1,3,25,1,"2,3",,3,2,12603
11/23/21 10:01,11/23/21 10:05,0,100,242,1,11/23/21 10:05,R_25ToctHvMyVtvGr,anonymous,EN,A2UL93BXZ4EJ6G,7,7,6,7,7,6,4,3,5,5,2,1,5,3,3,1,5,6,7,50,51,48,49,49,49,49,2,2,4,3,3,2,3,4,4,4,4,4,4,4,4,4,4,4,4,3,5,3,5,4,6,6,5,3,5,3,1,2,2,2,3,1,1,3,2,2,1,1,2,4,1,1,1,5,32,2,4,,4,3,43353
11/23/21 10:00,11/23/21 10:04,0,100,241,1,11/23/21 10:04,R_1GJ33gbklnfdzFE,anonymous,EN,AZ5LPHW1NBB50,6,5,6,4,2,3,5,5,6,6,6,6,1,1,2,1,1,2,2,49,48,51,51,52,49,53,1,3,2,4,1,1,2,1,2,1,2,1,1,1,2,2,1,1,1,2,1,5,3,7,3,7,5,6,2,1,3,3,4,3,3,4,3,3,3,3,1,1,1,4,1,2,5,4,28,2,4,,5,2,76963
11/23/21 9:59,11/23/21 10:03,0,100,225,1,11/23/21 10:03,R_1Ej2s1JfxeaouQd,anonymous,EN,A26ZENZ5G8AEGM,7,6,6,5,6,2,3,2,3,5,6,5,1,2,6,5,3,5,6,48,47,49,48,49,48,52,1,1,1,1,2,1,3,2,3,1,1,1,2,1,2,1,1,2,3,2,1,2,6,7,5,6,6,2,5,6,4,2,4,3,2,3,1,2,4,3,1,1,1,4,1,2,2,1,62,1,3,,6,1,91866
11/23/21 9:56,11/23/21 10:00,0,100,217,1,11/23/21 10:00,R_21BR3WUhRBMEUZs,anonymous,EN,A1OU8F92A7M3MR,4,5,5,5,5,6,4,4,5,5,4,5,1,1,1,1,5,5,5,50,52,51,52,50,49,50,3,4,4,4,4,4,4,4,4,4,4,3,3,4,4,3,2,3,4,4,7,1,7,1,7,2,7,1,7,1,1,1,1,1,4,1,1,4,1,1,1,1,1,4,1,1,1,4,56,1,3,,5,2,49302
11/23/21 9:56,11/23/21 9:59,0,100,206,1,11/23/21 9:59,R_3NFi0EYWwUwOnzP,anonymous,EN,A3RW5C1G9LVVV4,4,3,2,5,4,3,6,7,4,2,1,3,1,4,4,3,2,1,1,49,53,47,48,48,51,48,2,2,3,3,1,3,4,4,4,3,4,2,1,3,2,3,4,1,3,2,2,7,7,7,4,3,6,2,1,3,2,3,3,4,1,2,1,2,1,3,1,2,1,4,1,2,3,2,37,1,3,,6,3,55490
11/23/21 9:55,11/23/21 9:58,0,100,202,1,11/23/21 9:58,R_PTHoFhEy1D3KC77,anonymous,EN,A15B9VEG75OAPW,4,4,5,5,5,5,3,5,5,4,4,4,4,4,4,5,5,5,5,50,48,49,49,49,49,49,3,3,3,3,3,3,3,3,4,4,4,4,3,3,3,4,3,2,3,4,1,1,5,5,6,7,6,5,6,1,2,2,3,3,2,2,3,2,1,3,3,2,2,4,2,3,2,2,26,2,3,,3,1,96144