StartDate,EndDate,Status,Progress,Duration (in seconds),Finished,RecordedDate,DistributionChannel,UserLanguage,prolific_id,Q98_1,Q98_2,Q98_3,Q98_4,Q98_5,Q98_6,Q105_1,Q105_2,Q105_3,Q105_4,Q105_5,Q105_6,Q99_1,Q99_2,Q99_3,Q99_4,Q99_5,Q99_6,Q99_7,Q82_1,Q82_2,Q82_3,Q82_4,Q82_5,Q84_1,Q84_2,loneliness_1,loneliness_2,loneliness_3,loneliness_4,loneliness_5,loneliness_6,loneliness_7,loneliness_8,loneliness_9,loneliness_10,loneliness_11,loneliness_12,loneliness_13,loneliness_14,loneliness_15,loneliness_16,loneliness_17,loneliness_18,loneliness_19,loneliness_20,big5_1,big5_2,big5_3,big5_4,big5_5,big5_6,big5_7,big5_8,big5_9,big5_10,Q86_1,Q86_2,Q86_3,Q86_4,Q86_5,Q86_6,Q86_7,Q86_8,Q86_9,Q86_10,Q88_1,Q88_2,Q88_3,Q88_4,Q88_5,Q88_6,Q88_7,political_ideology,age,gender,race_eth,race_eth_5_TEXT,education,income,Random ID,pop_agent_popularity,nonpop_agent_popularity,pop_agent_positivity,nonpop_agent_positivity,pop_agent_interesting,nonpop_agent_interesting,pop_agent_like,nonpop_agent_like,pop_agent_ratingsimilar,nonpop_agent_ratingsimilar,pop_agent_likesimilar,nonpop_agent_likesimilar,popularity_selfpopular,popularity_attractpopular,popularity_interetpopular,popularity_wishpopular,popularity_commentpopular,popularity_commentinteresting,popularity_ratingappealing,loneliness_score,popularity_general_score,select_feelgood,select_agreewith,select_newinterpre,select_creative,select_expressemotion,surround_same_emo_reaction,surround_diff_emo_reaction,extraversion,agreeableness,conscientiousness,neuroticism,openness,depression,social_anxiety
10/5/21 10:28,10/5/21 10:34,0,100,326,1,10/5/21 10:34,anonymous,EN,8c20e470895135d6134ab238e488411e5c44384d,6,4,5,5,3,3,2,5,2,4,3,2,2,5,5,5,6,6,5,3,2,2,1,3,3,5,2,4,3,4,3,3,4,4,3,3,4,4,3,3,3,3,3,2,3,3,1,3,7,3,5,2,5,5,5,5,1,0,0,0,1,0,1,1,0,0,0,0,3,4,1,2,2,2,41,1,34,NA,4,1,42666,6,2,4,5,5,2,5,4,3,3,3,2,2,5,5,5,6,6,5,3.2,4.857142857142857,3,2,2,1,3,3,5,1.5,4,6,4,5,0.4,1.3333333333333333
10/5/21 10:38,10/5/21 10:44,0,100,309,1,10/5/21 10:44,anonymous,EN,157b88b0b2eb33b1098d8955f734018ba58eef76,3,4,4,5,6,4,3,6,4,5,5,4,1,2,2,1,2,2,3,5,1,2,3,5,4,4,3,2,3,2,3,2,4,4,2,2,3,3,4,3,3,2,3,1,2,3,1,6,5,6,2,1,5,4,6,5,0,0,0,0,3,0,0,0,1,1,1,2,2,4,1,3,1,4,30,2,3,NA,3,5,69811,3,3,4,6,4,4,5,5,6,5,4,4,1,2,2,1,2,2,3,2.7,1.8571428571428572,5,1,2,3,5,4,4,1,5.5,4.5,6,3.5,0.5,1.6666666666666667
10/5/21 10:29,10/5/21 10:33,0,100,238,1,10/5/21 10:33,anonymous,EN,03c853beb52f79184e395ad412b42e38eedcb21b,7,5,5,6,3,2,2,5,5,4,3,6,5,7,7,6,2,3,2,2,1,6,3,4,2,7,2,2,2,3,2,2,3,3,2,2,3,3,3,3,2,2,2,4,2,2,6,4,6,5,6,7,7,5,5,6,1,1,0,1,1,0,0,1,1,0,1,0,1,4,1,0,1,1,29,2,4,NA,6,5,58877,7,2,5,5,5,5,6,4,3,3,2,6,5,7,7,6,2,3,2,2.45,4.571428571428571,2,1,6,3,4,2,7,6.5,5.5,5.5,5,6,0.6,0.6666666666666666
10/5/21 11:51,10/5/21 11:52,0,100,94,1,10/5/21 11:52,anonymous,EN,30cd39a095108aabbc0174d866bc4850abc1751a,5,7,5,7,5,7,7,5,7,7,5,6,7,5,6,7,5,7,5,4,6,7,4,2,2,2,3,2,1,2,1,2,2,3,1,2,1,3,1,2,2,3,1,3,2,3,6,3,6,1,5,2,7,3,5,1,1,2,3,1,0,1,3,1,3,2,2,3,4,4,2,3,4,6,41,2,3,NA,5,3,89861,5,7,7,5,5,7,7,7,5,5,7,6,7,5,6,7,5,7,5,2,6,4,6,7,4,2,2,2,4,5,4.5,3,3,1.7,3
10/5/21 10:48,10/5/21 10:56,0,100,446,1,10/5/21 10:56,anonymous,EN,fe04bb7c328cf00528d586e1f8000a8b48bd81d7,5,5,4,5,3,3,4,5,5,5,3,3,5,2,4,5,5,5,5,3,3,3,3,3,3,4,2,3,3,2,3,3,3,3,3,3,4,3,3,3,3,2,2,2,3,3,3,5,3,3,6,3,6,3,4,5,0,1,1,1,1,1,0,1,1,1,0,1,1,4,1,1,2,2,52,1,3,NA,3,2,25215,5,4,5,5,4,5,5,5,3,3,3,3,5,2,4,5,5,5,5,2.8,4.428571428571429,3,3,3,3,3,3,4,3,5.5,3,3.5,5.5,0.8,1
10/5/21 10:19,10/5/21 10:24,0,100,331,1,10/5/21 10:24,anonymous,EN,0f3d3d6901859e2980de9b076af82dda802a07cf,3,6,5,5,5,6,4,5,3,4,6,6,3,5,5,5,4,6,5,6,5,2,2,3,3,3,4,4,4,4,4,4,4,2,4,4,3,4,1,4,1,3,4,4,4,3,4,6,7,7,3,4,4,7,7,3,0,0,0,0,0,0,1,1,0,0,1,1,0,4,1,1,0,3,37,2,1,NA,3,2,58715,3,4,6,5,5,3,5,4,5,6,6,6,3,5,5,5,4,6,5,3.45,4.714285714285714,6,5,2,2,3,3,3,4,5,7,7,3,0.2,0.6666666666666666
10/5/21 10:20,10/5/21 10:25,0,100,254,1,10/5/21 10:25,anonymous,EN,198ae99c8fb524c8e59ae3583475378b11ff9b00,6,5,6,6,3,5,3,5,4,5,3,4,5,3,3,4,5,5,5,5,3,1,1,3,2,4,3,4,4,3,4,4,4,4,4,4,4,4,4,4,4,4,4,4,4,4,5,7,7,7,6,2,7,7,7,6,0,0,0,0,1,0,0,0,1,0,0,0,0,4,0,0,0,1,61,1,3,NA,5,3,63768,6,3,5,5,6,4,6,5,3,3,5,4,5,3,3,4,5,5,5,3.9,4.285714285714286,5,3,1,1,3,2,4,3.5,7,7,7,6,0.2,0
10/5/21 10:36,10/5/21 10:42,0,100,337,1,10/5/21 10:42,anonymous,EN,e378be38147fd0fad5d5a7035870b5581a64dbbf,6,4,6,6,4,3,5,4,5,6,6,5,5,5,5,4,5,6,6,4,2,3,3,4,3,3,2,3,3,4,4,4,4,4,4,4,4,4,4,4,4,4,4,4,4,4,6,7,7,7,5,7,5,7,7,4,0,0,0,0,3,0,0,0,0,0,0,0,0,4,0,0,0,2,43,2,3,NA,3,3,91115,6,5,4,4,6,5,6,6,4,6,3,5,5,5,5,4,5,6,6,3.8,5.142857142857143,4,2,3,3,4,3,3,6.5,6,7,7,4.5,0.3,0
10/5/21 14:32,10/5/21 14:42,0,100,607,1,10/5/21 14:42,anonymous,EN,7570e2a9c92d1c274eb0138ed88102d2343bc823,4,4,4,4,5,5,4,4,4,4,5,5,4,4,4,1,4,4,4,6,2,6,6,6,4,4,4,4,4,4,4,4,4,4,4,4,4,4,4,4,4,4,4,4,4,4,7,7,7,7,7,1,7,7,7,7,0,0,0,0,1,0,0,0,0,0,0,0,0,4,0,0,0,4,52,1,13,NA,2,1,60241,4,4,4,4,4,4,4,4,5,5,5,5,4,4,4,1,4,4,4,4,3.5714285714285716,6,2,6,6,6,4,4,4,7,7,7,7,0.1,0
10/5/21 11:25,10/5/21 11:30,0,100,285,1,10/5/21 11:30,anonymous,EN,bf39015fd73b5acbd6fbcbb512e6891bd1f88137,5,4,5,5,6,6,6,6,7,6,4,5,5,2,3,2,5,5,4,6,3,3,3,3,5,7,4,4,4,4,4,4,4,4,4,4,4,4,4,4,4,4,4,4,4,4,5,7,7,4,5,6,7,7,4,7,0,0,0,1,0,0,0,1,0,0,0,1,1,4,1,1,2,2,37,1,1,NA,3,1,90924,5,6,4,6,5,7,5,6,6,4,6,5,5,2,3,2,5,5,4,4,3.7142857142857144,6,3,3,3,3,5,7,5.5,7,7,4,6,0.2,1
10/5/21 12:25,10/5/21 12:29,0,100,251,1,10/5/21 12:29,anonymous,EN,ddd52e55c2db657430bd0f69a0a809a1611a0f9b,5,6,5,5,5,5,3,5,5,5,3,3,5,5,5,5,3,3,3,5,3,3,5,5,3,5,4,4,4,4,4,4,4,4,4,4,4,4,4,4,4,4,4,4,4,4,3,7,6,6,3,3,5,7,6,3,0,0,0,0,0,0,1,0,0,0,0,0,0,4,0,0,1,5,51,1,3,NA,3,5,89674,5,3,6,5,5,5,5,5,5,3,5,3,5,5,5,5,3,3,3,4,4.142857142857143,5,3,3,5,5,3,5,3,6,6.5,6,3,0.1,0.16666666666666666
10/5/21 11:08,10/5/21 11:11,0,100,150,1,10/5/21 11:11,anonymous,EN,d76fcd28e746188a32adc90e4d612995964bee13,6,6,6,6,6,6,3,5,5,5,5,5,4,2,1,1,4,1,4,1,1,7,6,5,4,4,4,4,4,4,4,4,4,4,4,4,4,4,4,4,4,4,4,4,4,4,1,7,7,7,7,1,7,7,7,7,0,0,0,0,0,0,0,0,0,0,0,0,0,4,0,0,0,2,36,2,3,NA,5,3,60211,6,3,6,5,6,5,6,5,6,5,6,5,4,2,1,1,4,1,4,4,2.4285714285714284,1,1,7,6,5,4,4,1,7,7,7,7,0,0
10/5/21 12:48,10/5/21 12:53,0,100,334,1,10/5/21 12:53,anonymous,EN,2ddcf3881d50ecea91c707150bab806d226977d8,3,5,6,5,5,5,6,5,5,5,6,5,2,1,2,1,1,5,5,3,1,3,1,2,1,5,2,3,2,3,2,3,3,2,3,1,2,3,2,2,1,2,2,4,2,3,2,5,4,3,7,5,7,1,3,7,1,1,2,3,2,2,2,2,3,3,1,1,3,4,3,1,0,1,43,1,3,NA,6,3,17557,3,6,5,5,6,5,5,5,5,6,5,5,2,1,2,1,1,5,5,2.35,2.4285714285714284,3,1,3,1,2,1,5,3.5,6,2.5,3,7,2.1,1.5
10/5/21 11:41,10/5/21 11:46,0,100,325,1,10/5/21 11:46,anonymous,EN,eb4dd39b2abdeb54b57c43b12715ad3f5c226f8f,6,6,5,6,6,2,3,5,6,6,3,4,6,6,6,2,2,6,3,6,6,2,2,6,3,6,4,4,4,4,4,4,4,4,4,4,4,4,4,4,4,4,4,4,4,4,7,7,7,7,6,7,7,7,7,3,0,0,0,0,3,0,0,0,0,0,0,0,0,4,0,0,0,7,65,2,3,NA,6,5,79676,6,3,6,5,5,6,6,6,6,3,2,4,6,6,6,2,2,6,3,4,4.428571428571429,6,6,2,2,6,3,6,7,7,7,7,4.5,0.3,0
10/5/21 10:51,10/5/21 10:54,0,100,137,1,10/5/21 10:54,anonymous,EN,44a2440d81a88810eb0a60d14be799082a2cfcb5,6,5,6,7,5,4,4,6,5,5,6,5,6,5,4,6,5,6,6,3,2,2,2,3,2,1,2,4,1,3,3,1,3,2,2,4,3,2,4,3,3,1,2,2,3,2,6,4,2,5,6,3,6,1,6,2,2,3,1,2,3,2,1,1,2,2,3,4,2,4,1,2,2,4,26,2,1,NA,5,4,99816,6,4,5,6,6,5,7,5,5,6,4,5,6,5,4,6,5,6,6,2.5,5.428571428571429,3,2,2,2,3,2,1,4.5,5,1.5,5.5,4,1.9,2.3333333333333335
10/5/21 11:04,10/5/21 11:08,0,100,244,1,10/5/21 11:08,anonymous,EN,af06f216c58fec514efd1be0bfcc75a8acbd90fd,5,4,4,3,3,1,3,5,7,5,5,7,1,1,1,1,2,4,4,3,3,1,1,3,3,5,2,3,3,4,3,3,3,4,3,3,3,4,4,4,4,4,3,1,3,3,1,5,5,3,3,1,7,3,7,7,1,0,0,0,2,0,2,2,0,1,0,2,1,4,3,2,4,1,25,1,3,NA,3,1,42952,5,3,4,5,4,7,3,5,3,5,1,7,1,1,1,1,2,4,4,3.2,2,3,3,1,1,3,3,5,1,6,4,5,5,0.8,2
10/5/21 11:21,10/5/21 11:27,0,100,339,1,10/5/21 11:27,anonymous,EN,2a951cb8054dd61c04cfa5e8471eac8ecbe0a800,5,5,6,6,4,3,2,5,4,5,3,5,3,2,1,1,2,2,3,5,4,2,1,3,6,6,3,2,4,3,2,3,3,2,2,3,2,3,2,2,2,2,4,3,3,2,3,3,6,4,5,3,5,7,6,6,0,0,0,0,2,0,1,2,1,0,0,0,1,4,1,1,0,3,37,2,3,NA,5,3,65778,5,2,5,5,6,4,6,5,4,3,3,5,3,2,1,1,2,2,3,2.6,2,5,4,2,1,3,6,6,3,4,6.5,5,5.5,0.6,0.5
10/5/21 12:50,10/5/21 12:54,0,100,271,1,10/5/21 12:54,anonymous,EN,464a61c05d9bedf2fc9493f97565a515eae95245,4,5,4,4,2,3,4,5,5,3,4,5,1,2,5,1,3,4,4,3,2,4,5,6,2,6,4,3,4,4,2,4,4,1,2,3,4,4,2,4,2,2,4,1,3,1,1,7,7,7,6,1,5,7,7,3,0,1,0,2,1,0,3,0,0,1,4,1,2,4,3,2,0,7,31,1,13,NA,5,1,90876,4,4,5,5,4,5,4,3,2,4,3,5,1,2,5,1,3,4,4,2.9,2.857142857142857,3,2,4,5,6,2,6,1,6,7,7,4.5,0.8,2
10/5/21 10:02,10/5/21 10:06,0,100,237,1,10/5/21 10:06,anonymous,EN,51737322f360c69d5e5e6e328e0b663d5faea79d,5,5,5,4,4,4,5,5,5,5,5,5,5,5,5,5,5,4,5,3,3,3,5,5,3,5,2,2,2,2,2,2,2,2,2,2,2,2,2,2,2,2,2,2,2,2,6,6,6,6,6,6,6,6,6,2,0,0,0,0,0,0,0,0,0,0,0,0,0,4,0,0,0,1,61,1,3,NA,4,1,49281,5,5,5,5,5,5,4,5,4,5,4,5,5,5,5,5,5,4,5,2,4.857142857142857,3,3,3,5,5,3,5,6,6,6,6,4,0,0
10/5/21 13:16,10/5/21 13:20,0,100,238,1,10/5/21 13:20,anonymous,EN,af2cf44ef690c330c96f2e86a4ea4f96054fb929,6,5,5,5,5,6,2,3,2,4,2,2,5,6,6,6,4,5,6,6,2,3,2,3,2,5,3,4,4,4,4,4,4,4,4,4,4,4,4,4,4,4,4,4,4,4,6,7,7,7,5,3,7,7,7,6,0,0,0,0,0,0,0,0,0,0,0,0,0,4,0,0,0,2,59,2,3,NA,6,5,80149,6,2,5,3,5,2,5,4,5,2,6,2,5,6,6,6,4,5,6,3.95,5.428571428571429,6,2,3,2,3,2,5,4.5,7,7,7,5.5,0,0
10/5/21 13:04,10/5/21 13:08,0,100,247,1,10/5/21 13:08,anonymous,EN,0d7baf156751be30adbf4a1c8c1148f6319f425b,4,5,5,5,5,5,5,5,5,5,5,5,3,3,3,3,3,3,3,2,2,2,2,2,2,2,2,3,3,3,3,3,3,3,3,3,3,3,3,3,3,3,3,3,3,3,5,5,5,3,5,3,5,5,5,5,0,0,0,0,2,0,0,2,0,0,1,0,0,4,2,1,0,1,32,1,3,NA,5,2,15081,4,5,5,5,5,5,5,5,5,5,5,5,3,3,3,3,3,3,3,2.95,3,2,2,2,2,2,2,2,4,5,5,4,5,0.4,0.6666666666666666
10/5/21 10:54,10/5/21 10:56,0,100,122,1,10/5/21 10:56,anonymous,EN,7c941a4ddd0585f0128268613d8228a84f6ee096,5,6,7,5,4,3,2,3,5,6,4,5,3,2,3,2,4,6,4,6,2,3,2,4,3,6,4,4,4,3,4,4,4,4,3,4,4,4,3,4,4,4,4,3,4,4,5,6,6,6,5,6,6,5,6,6,0,0,0,0,1,0,0,0,0,1,0,0,0,4,0,1,0,1,36,2,3,NA,5,2,86606,5,2,6,3,7,5,5,6,4,4,3,5,3,2,3,2,4,6,4,3.8,3.4285714285714284,6,2,3,2,4,3,6,5.5,6,5.5,6,5.5,0.2,0.16666666666666666
10/5/21 13:13,10/5/21 13:19,0,100,342,1,10/5/21 13:19,anonymous,EN,725f6ced5a7e5101ebf2d12ee6758fac7e0705d7,6,6,6,6,6,6,2,2,2,2,2,2,5,6,6,6,5,5,5,2,2,2,2,2,2,6,3,3,3,3,3,3,3,3,3,3,3,3,3,3,3,3,3,3,3,3,2,6,6,6,2,2,6,6,6,2,1,1,1,1,1,1,1,1,1,1,1,1,1,4,1,1,1,6,44,2,4,NA,5,1,90102,6,2,6,2,6,2,6,2,6,2,6,2,5,6,6,6,5,5,5,3,5.428571428571429,2,2,2,2,2,2,6,2,6,6,6,2,1,1
10/5/21 10:15,10/5/21 10:18,0,100,148,1,10/5/21 10:18,anonymous,EN,cc96e53df1290afb1370364f30dd5d2f7c4f1cc5,6,7,5,6,5,6,5,7,6,5,7,6,5,7,6,5,6,4,6,1,3,1,3,3,3,2,2,1,2,3,2,3,4,3,2,3,2,4,3,2,3,4,3,2,3,4,6,1,5,1,6,3,6,3,7,2,1,2,1,3,1,3,2,1,3,2,3,2,4,4,4,2,3,7,41,2,3,NA,5,3,34586,6,5,7,7,5,6,6,5,5,7,6,6,5,7,6,5,6,4,6,2.75,5.571428571428571,1,3,1,3,3,3,2,4.5,3.5,4,4,4,1.9,3
10/5/21 12:32,10/5/21 12:38,0,100,366,1,10/5/21 12:38,anonymous,EN,daf9bb618df8ea1a7dc52028ecfb51e6aeb86cc7,6,5,6,7,4,4,3,4,5,5,2,4,5,5,3,6,5,5,4,2,4,2,2,3,3,4,3,4,4,3,3,3,4,4,3,3,4,4,4,4,4,3,3,4,4,3,6,7,4,3,6,6,7,3,4,7,0,0,0,2,1,2,0,0,0,2,0,1,1,4,0,0,1,2,40,1,3,NA,6,2,44945,6,3,5,4,6,5,7,5,4,2,4,4,5,5,3,6,5,5,4,3.55,4.714285714285714,2,4,2,2,3,3,4,6,7,3.5,3.5,6.5,0.7,0.5
10/5/21 13:37,10/5/21 13:42,0,100,288,1,10/5/21 13:42,anonymous,EN,625e2f5adb89be5049cd5a2919cbd6ccc252230a,5,6,5,5,6,6,4,3,5,4,4,4,5,4,5,4,4,4,4,5,5,5,5,4,2,6,3,4,4,4,4,4,4,4,4,4,4,4,3,4,4,4,4,4,4,4,5,7,6,7,6,6,7,6,7,7,0,0,0,0,3,0,0,3,0,0,0,0,0,4,1,0,1,3,61,2,3,NA,6,4,69248,5,4,6,3,5,5,5,4,6,4,6,4,5,4,5,4,4,4,4,3.9,4.285714285714286,5,5,5,5,4,2,6,5.5,7,6,7,6.5,0.6,0.3333333333333333
10/5/21 10:17,10/5/21 10:21,0,100,237,1,10/5/21 10:21,anonymous,EN,635db656d73c5c4f4c070b6bade6477cd1c6635a,7,6,6,6,6,6,6,7,6,6,5,6,6,7,6,5,6,6,7,2,2,1,2,3,2,3,4,4,4,3,4,4,4,4,4,4,4,3,3,2,4,4,4,4,4,4,6,3,7,2,7,2,6,2,7,2,0,1,1,0,2,0,1,1,0,0,0,0,0,4,0,0,0,6,41,2,3,NA,5,2,49193,7,6,6,7,6,6,6,6,6,5,6,6,6,7,6,5,6,6,7,3.75,6.142857142857143,2,2,1,2,3,2,3,4,4.5,4.5,4.5,4.5,0.6,0
10/5/21 10:21,10/5/21 10:26,0,100,282,1,10/5/21 10:26,anonymous,EN,7c44b2c7fe2f502ffa75a8eda15c372a077a3012,4,4,4,4,3,2,4,4,4,4,4,4,5,6,5,6,5,6,5,5,5,4,3,3,3,5,3,4,3,4,4,4,4,4,4,4,4,4,4,4,4,4,4,4,4,4,3,7,7,5,6,4,6,7,7,3,0,0,0,0,0,0,0,0,0,0,0,0,0,4,0,0,0,1,31,2,1,NA,4,2,80124,4,4,4,4,4,4,4,4,3,4,2,4,5,6,5,6,5,6,5,3.9,5.428571428571429,5,5,4,3,3,3,5,3.5,6.5,7,6,4.5,0,0
10/5/21 13:16,10/5/21 13:21,0,100,311,1,10/5/21 13:21,anonymous,EN,90540f8c6d14ff6d19875a9578a71a451911ed7e,4,5,5,4,5,4,4,4,5,4,5,5,2,3,2,1,3,4,3,3,3,4,3,3,3,5,3,3,4,4,4,4,3,2,2,3,3,3,2,4,2,3,4,2,3,3,1,6,7,3,5,3,6,7,4,5,1,2,1,1,1,1,1,2,0,0,0,1,2,4,0,2,1,6,54,1,3,NA,3,2,12972,4,4,5,4,5,5,4,4,5,5,4,5,2,3,2,1,3,4,3,3.05,2.5714285714285716,3,3,4,3,3,3,5,2,6,7,3.5,5,1,1
10/5/21 13:38,10/5/21 13:45,0,100,421,1,10/5/21 13:45,anonymous,EN,6cae3ea29286759657ed0b7826c949cf005b3c86,3,5,3,5,5,4,3,3,3,5,5,5,3,3,2,1,5,5,5,6,6,3,6,3,3,3,3,3,3,4,3,3,4,4,3,3,4,3,3,4,3,4,4,4,4,3,3,6,7,7,6,2,7,7,7,7,0,0,0,0,0,0,0,1,0,0,0,0,0,4,0,1,1,5,42,1,3,NA,5,1,13415,3,3,5,3,3,3,5,5,5,5,4,5,3,3,2,1,5,5,5,3.45,3.4285714285714284,6,6,3,6,3,3,3,2.5,6.5,7,7,6.5,0.1,0.3333333333333333
10/5/21 15:21,10/5/21 15:24,0,100,192,1,10/5/21 15:24,anonymous,EN,1cb25431c86bbca38b45ec0e790cdca57dee6ffa,5,5,5,5,5,5,4,4,4,4,4,4,4,4,3,4,4,4,4,5,5,5,5,5,3,3,2,4,3,3,3,4,4,4,4,4,4,4,4,4,4,4,4,4,4,4,5,6,5,3,4,5,5,4,5,6,1,1,1,1,2,1,2,1,0,2,0,0,0,4,1,0,1,1,27,2,34,NA,5,2,63276,5,4,5,4,5,4,5,4,5,4,5,4,4,4,3,4,4,4,4,3.75,3.857142857142857,5,5,5,5,5,3,3,5,5.5,4.5,4,5,1.2,0.3333333333333333
10/5/21 10:26,10/5/21 10:30,0,100,231,1,10/5/21 10:30,anonymous,EN,300d8db780961d52ac075b150fd8e8baed2a5433,6,6,5,5,3,4,4,5,5,5,5,5,4,3,4,3,3,4,4,6,5,3,3,4,4,5,3,4,4,4,4,4,4,4,4,4,4,4,3,4,4,4,4,3,4,4,5,7,7,6,6,3,6,6,6,6,0,0,0,0,0,0,1,0,0,0,0,0,1,4,1,1,0,1,57,1,3,NA,5,2,62425,6,4,6,5,5,5,5,5,3,5,4,5,4,3,4,3,3,4,4,3.85,3.5714285714285716,6,5,3,3,4,4,5,4,6.5,6.5,6,6,0.1,0.5
10/5/21 11:41,10/5/21 11:45,0,100,235,1,10/5/21 11:45,anonymous,EN,302cfe1666cfb3e0d44e4c4b3874d8e750a97c96,7,3,5,3,4,3,2,4,3,7,6,5,7,6,5,5,4,6,4,1,4,5,3,4,5,3,4,3,3,4,4,3,3,3,3,2,3,2,3,2,4,3,2,2,3,2,4,4,4,2,3,5,6,3,6,5,0,1,3,3,1,1,0,2,1,3,4,3,1,4,1,2,1,1,25,2,3,NA,5,3,77185,7,2,3,4,5,3,3,7,4,6,3,5,7,6,5,5,4,6,4,2.9,5.285714285714286,1,4,5,3,4,5,3,4.5,5,3.5,4,4,1.5,2
10/5/21 10:12,10/5/21 10:16,0,100,191,1,10/5/21 10:16,anonymous,EN,bc1d93705ee72ceac53dc8ce13a1e7c17adf2107,6,4,4,4,4,3,4,6,5,4,4,4,4,1,1,1,4,3,4,7,2,7,7,7,4,4,4,4,4,4,4,4,4,4,4,4,4,4,4,4,4,4,4,4,4,4,3,7,7,7,6,2,6,6,7,6,0,0,0,0,0,0,0,0,0,0,0,0,0,4,0,0,0,3,30,2,1,NA,5,4,88199,6,4,4,6,4,5,4,4,4,4,3,4,4,1,1,1,4,3,4,4,2.5714285714285716,7,2,7,7,7,4,4,2.5,6.5,6.5,7,6,0,0
10/5/21 10:20,10/5/21 10:28,0,100,434,1,10/5/21 10:28,anonymous,EN,5fc1b22467b444c6ce0b420197be7f09868ecbf2,5,5,5,4,6,5,2,3,3,4,2,2,5,4,3,3,4,5,4,3,2,3,2,4,2,4,4,3,4,3,3,4,4,4,3,4,4,4,3,4,3,3,4,4,4,4,4,6,6,4,5,2,5,3,5,7,0,3,0,1,1,0,0,1,0,0,1,1,0,4,1,2,1,2,38,2,3,NA,4,2,75386,5,2,5,3,5,3,4,4,6,2,5,2,5,4,3,3,4,5,4,3.65,4,3,2,3,2,4,2,4,3,5.5,4.5,4.5,6,0.6,1
10/5/21 11:26,10/5/21 11:28,0,100,138,1,10/5/21 11:28,anonymous,EN,5248928d5738f564e862ded90e7dd4516fa97018,3,4,6,5,3,4,7,4,5,6,5,6,4,7,6,5,5,6,5,4,3,2,5,6,5,6,2,3,4,1,2,4,3,2,3,2,2,3,2,1,3,2,3,4,3,3,3,4,7,2,5,5,2,4,5,4,2,3,2,1,1,3,2,2,2,2,2,3,4,4,2,3,2,5,43,1,3,NA,4,2,38704,3,7,4,4,6,5,5,6,3,5,4,6,4,7,6,5,5,6,5,2.6,5.428571428571429,4,3,2,5,6,5,6,4,3,5.5,3.5,4.5,2,2.6666666666666665
10/5/21 10:30,10/5/21 10:35,0,100,293,1,10/5/21 10:35,anonymous,EN,fbfcafde19c326056cde11fdda266e13ef3ed5fa,7,7,5,4,5,1,5,4,6,5,5,7,1,1,1,1,2,1,2,6,3,3,4,7,2,7,4,3,4,4,4,4,4,4,3,3,2,4,3,4,4,3,4,4,4,4,1,7,7,6,7,1,7,7,7,1,0,0,0,0,0,0,0,0,0,0,2,0,0,4,2,2,2,4,56,1,35,NA,3,1,82804,7,5,7,4,5,6,4,5,5,5,1,7,1,1,1,1,2,1,2,3.65,1.2857142857142858,6,3,3,4,7,2,7,1,7,7,6.5,4,0,1.3333333333333333
10/5/21 12:41,10/5/21 12:43,0,100,146,1,10/5/21 12:43,anonymous,EN,d62da530f9a076b7eee14e86a86de3c49fef5f0b,5,4,5,6,4,5,5,3,4,5,4,6,5,4,5,6,4,5,6,3,1,2,3,2,3,2,3,1,4,2,3,2,1,2,3,2,1,2,3,2,3,2,3,2,1,2,5,2,4,6,3,3,4,2,5,5,1,2,3,2,2,2,3,1,1,2,3,2,3,4,4,3,2,7,30,1,1,NA,6,3,90374,5,5,4,3,5,4,6,5,4,4,5,6,5,4,5,6,4,5,6,2.2,5,3,1,2,3,2,3,2,4,3,3,5.5,4,1.9,2.8333333333333335
10/5/21 11:33,10/5/21 11:36,0,100,149,1,10/5/21 11:36,anonymous,EN,56a94869976eff9c3e29c4fa0df623cff5182553,5,4,5,4,5,4,5,4,5,4,5,6,6,4,4,5,6,6,6,1,4,3,3,4,2,3,4,4,2,2,3,2,2,2,3,2,3,2,3,2,3,2,3,3,2,2,7,5,5,3,5,4,3,3,7,3,1,2,1,2,1,1,1,1,0,0,0,0,0,4,0,0,0,2,31,2,3,NA,5,4,98428,5,5,4,4,5,5,4,4,5,5,4,6,6,4,4,5,6,6,6,2.55,5.285714285714286,1,4,3,3,4,2,3,5.5,4,4,5,4,1,0
10/5/21 10:57,10/5/21 11:02,0,100,246,1,10/5/21 11:02,anonymous,EN,4eb3e4abeffb5509af5f3e5355ce56a300236ad8,6,4,6,5,6,3,3,5,6,6,5,5,4,3,3,3,3,5,4,5,3,3,2,3,2,6,3,4,4,4,4,4,4,4,3,4,4,4,4,4,4,4,4,3,4,4,5,5,6,5,6,5,6,6,5,5,0,1,0,0,0,0,0,0,0,0,1,0,1,4,1,1,1,3,44,2,3,NA,5,3,39577,6,3,4,5,6,6,5,6,6,5,3,5,4,3,3,3,3,5,4,3.85,3.5714285714285716,5,3,3,2,3,2,6,5,5.5,6,5,5.5,0.1,0.8333333333333334
10/5/21 10:26,10/5/21 10:31,0,100,303,1,10/5/21 10:31,anonymous,EN,d53e01cdbb5c41801dd493d660acfbfff41d3ff3,3,5,5,5,6,3,1,5,4,5,5,6,1,2,2,1,4,5,5,6,3,6,2,4,3,5,3,4,4,4,4,4,4,4,3,4,4,4,3,4,4,3,4,4,4,3,6,7,7,6,7,7,6,7,6,7,1,0,0,0,0,0,1,0,1,0,0,0,0,4,0,0,1,5,50,2,3,NA,5,4,55246,3,1,5,5,5,4,5,5,6,5,3,6,1,2,2,1,4,5,5,3.75,2.857142857142857,6,3,6,2,4,3,5,6.5,6.5,7,6,7,0.3,0.16666666666666666
10/5/21 11:20,10/5/21 11:24,0,100,216,1,10/5/21 11:24,anonymous,EN,1d3946fb864805ada138e9807b42b370f2b7d1c5,5,6,6,6,6,6,5,6,5,5,4,4,4,5,3,3,4,5,5,5,3,3,3,3,3,3,3,4,4,4,4,4,4,4,4,4,4,4,4,4,4,4,4,4,4,4,6,5,7,5,7,5,6,7,6,2,0,0,1,0,1,0,1,1,0,0,0,0,0,4,0,0,0,3,38,1,3,NA,6,5,27179,5,5,6,6,6,5,6,5,6,4,6,4,4,5,3,3,4,5,5,3.95,4.142857142857143,5,3,3,3,3,3,3,5.5,5.5,7,5.5,4.5,0.4,0
10/5/21 11:02,10/5/21 11:06,0,100,220,1,10/5/21 11:06,anonymous,EN,2e6c0c3678302b7cf545dd3b96aaec4fc3f71f56,5,5,6,6,6,6,5,5,5,5,5,7,6,6,6,6,6,6,6,1,1,1,1,1,1,4,4,4,4,4,4,4,4,4,4,4,4,4,4,4,4,4,4,4,4,4,7,7,7,7,7,4,7,7,7,7,0,0,0,0,0,0,0,0,0,0,0,0,0,4,0,0,0,7,58,1,3,NA,4,5,78603,5,5,5,5,6,5,6,5,6,5,6,7,6,6,6,6,6,6,6,4,6,1,1,1,1,1,1,4,5.5,7,7,7,7,0,0
10/5/21 13:10,10/5/21 13:16,0,100,414,1,10/5/21 13:16,anonymous,EN,848d1fb68abbe999ba48d4d21ef104b1862a4f34,5,6,6,6,6,6,6,6,6,6,6,6,6,6,6,4,6,6,6,2,2,2,2,2,2,3,2,4,4,4,4,4,4,4,4,4,4,4,4,4,4,4,4,4,4,4,7,7,7,7,7,3,7,7,7,7,0,0,0,0,0,0,0,0,0,0,0,0,0,4,0,0,0,2,43,1,1,NA,3,4,46918,5,6,6,6,6,6,6,6,6,6,6,6,6,6,6,4,6,6,6,3.9,5.714285714285714,2,2,2,2,2,2,3,5,7,7,7,7,0,0
10/5/21 11:42,10/5/21 11:45,0,100,184,1,10/5/21 11:45,anonymous,EN,5d9077d6bc209006522023d54ae6f63cf028d47f,5,7,5,4,4,2,4,4,5,4,2,2,2,2,2,1,3,4,5,6,3,4,3,2,3,2,3,4,4,4,4,4,4,4,4,4,4,4,4,4,4,4,4,4,4,4,5,7,7,6,5,1,7,7,7,4,0,0,1,0,3,0,0,0,0,0,0,0,0,4,0,0,0,3,35,2,1,NA,4,2,84435,5,4,7,4,5,5,4,4,4,2,2,2,2,2,2,1,3,4,5,3.95,2.7142857142857144,6,3,4,3,2,3,2,3,7,7,6.5,4.5,0.4,0
10/5/21 10:36,10/5/21 10:40,0,100,278,1,10/5/21 10:40,anonymous,EN,ef8531dde0fe5b7fae7ab974bb3061f55ecd5c97,6,6,6,6,6,6,3,3,3,3,3,3,4,4,4,4,4,3,4,4,2,3,3,3,2,6,4,4,4,4,4,4,4,4,4,4,4,4,4,4,4,4,4,4,4,4,6,6,7,6,6,7,7,7,6,5,0,0,0,0,0,0,0,0,0,0,0,0,0,4,0,0,1,7,54,1,3,NA,4,4,51541,6,3,6,3,6,3,6,3,6,3,6,3,4,4,4,4,4,3,4,4,3.857142857142857,4,2,3,3,3,2,6,6.5,6.5,7,6,5.5,0,0.16666666666666666
10/5/21 11:09,10/5/21 11:13,0,100,230,1,10/5/21 11:13,anonymous,EN,4dd3a0a5242b7be09da1dcb4c3bcf03cae46f549,5,6,6,5,4,4,3,2,4,4,3,3,1,1,1,1,4,3,2,5,2,5,3,5,4,5,4,4,4,4,4,4,4,4,3,4,4,4,3,4,4,4,4,4,4,4,2,7,6,7,7,3,6,6,7,7,0,0,0,0,1,0,1,2,0,0,0,0,0,4,0,1,1,1,58,1,3,NA,5,1,38430,5,3,6,2,6,4,5,4,4,3,4,3,1,1,1,1,4,3,2,3.9,1.8571428571428572,5,2,5,3,5,4,5,2.5,6.5,6,7,7,0.4,0.3333333333333333
10/5/21 11:22,10/5/21 11:27,0,100,312,1,10/5/21 11:27,anonymous,EN,0f818a614cc3a08435498963bd4570aa96d45259,5,5,4,4,2,3,3,3,4,4,5,5,3,5,4,5,3,3,3,7,5,7,7,7,5,5,2,2,3,2,1,2,2,2,2,2,2,2,2,2,2,2,3,2,3,3,2,3,6,2,4,2,5,6,2,4,2,1,2,3,2,2,3,2,1,2,1,2,2,4,1,2,2,4,49,2,3,NA,6,3,33552,5,3,5,3,4,4,4,4,2,5,3,5,3,5,4,5,3,3,3,2.15,3.7142857142857144,7,5,7,7,7,5,5,2,4,6,2,4,2,1.6666666666666667
10/5/21 9:56,10/5/21 9:59,0,100,210,1,10/5/21 9:59,anonymous,EN,ef67e4d612c084c5c7ce9b380ae60a6ae971ee8a,5,6,5,5,6,6,4,3,4,4,3,3,5,5,4,4,5,5,5,2,2,3,3,3,2,2,3,4,3,4,4,4,4,4,4,4,4,4,4,4,4,4,4,4,4,4,5,7,6,6,4,4,6,6,6,6,0,0,0,0,0,0,1,0,0,0,0,0,0,4,0,0,0,2,35,2,3,NA,5,3,41010,5,4,6,3,5,4,5,4,6,3,6,3,5,5,4,4,5,5,5,3.9,4.714285714285714,2,2,3,3,3,2,2,4.5,6.5,6,6,5,0.1,0
10/5/21 11:20,10/5/21 11:24,0,100,205,1,10/5/21 11:24,anonymous,EN,4e2083c11eeac20969f014d0266fee95485f01c3,4,4,4,4,4,4,4,4,4,4,4,4,2,2,2,2,4,4,4,5,2,3,3,3,2,2,3,3,3,3,3,3,3,3,3,3,3,3,3,3,3,3,3,3,3,3,3,4,6,4,6,3,5,5,5,5,0,0,0,0,1,0,0,2,0,0,1,1,1,4,1,1,1,2,24,2,3,NA,2,1,70193,4,4,4,4,4,4,4,4,4,4,4,4,2,2,2,2,4,4,4,3,2.857142857142857,5,2,3,3,3,2,2,3,4.5,5.5,4.5,5.5,0.3,1
10/5/21 13:14,10/5/21 13:18,0,100,258,1,10/5/21 13:18,anonymous,EN,52c182e00c9a1c19f1932ca3ee2c14295c21812d,4,6,6,6,5,6,2,3,5,5,5,3,1,2,1,1,5,5,4,5,6,5,6,6,3,4,3,3,4,4,4,4,4,4,4,4,4,4,4,4,4,4,4,3,4,4,1,7,6,6,5,1,6,6,6,6,0,0,0,0,1,0,0,0,0,0,0,0,0,4,0,1,1,2,41,1,3,NA,2,3,84843,4,2,6,3,6,5,6,5,5,5,6,3,1,2,1,1,5,5,4,3.85,2.7142857142857144,5,6,5,6,6,3,4,1,6.5,6,6,5.5,0.1,0.3333333333333333
10/5/21 10:06,10/5/21 10:11,0,100,265,1,10/5/21 10:11,anonymous,EN,75ccd59734a185a97e79e20ef05349933d38154f,6,6,5,5,3,4,2,2,4,4,4,4,5,3,3,4,4,4,4,3,3,4,4,4,7,1,4,4,4,4,3,4,4,4,4,4,4,4,4,4,4,4,4,4,4,4,6,5,5,5,5,6,7,2,4,6,1,0,1,1,0,0,1,1,0,1,0,0,0,4,0,0,4,7,69,1,3,NA,3,2,50750,6,2,6,2,5,4,5,4,3,4,4,4,5,3,3,4,4,4,4,3.95,3.857142857142857,3,3,4,4,4,7,1,6,6,3.5,4.5,5.5,0.6,0.6666666666666666
10/5/21 11:15,10/5/21 11:23,0,100,438,1,10/5/21 11:23,anonymous,EN,d324144833fe36e38ba470152134268dbaf16bd6,6,6,6,6,6,6,5,5,5,5,5,5,6,6,6,6,6,6,6,3,3,3,1,2,2,6,4,4,4,4,4,4,4,4,4,4,4,4,4,4,4,4,4,4,4,4,6,7,6,7,6,2,6,7,6,7,0,0,0,0,3,0,0,0,0,0,0,0,0,4,0,0,0,2,36,2,1,NA,5,4,26789,6,5,6,5,6,5,6,5,6,5,6,5,6,6,6,6,6,6,6,4,6,3,3,3,1,2,2,6,4,6.5,6.5,6.5,6.5,0.3,0
10/5/21 11:30,10/5/21 11:35,0,100,321,1,10/5/21 11:35,anonymous,EN,e4ea4a7e5f9b875732cc77a2a87b531dbdd7c866,3,3,2,3,2,4,3,5,5,5,5,5,2,3,3,2,4,5,5,2,3,2,2,3,2,6,3,2,3,3,2,1,2,3,2,2,3,1,2,3,1,2,3,1,2,2,2,2,6,3,6,2,5,6,3,5,0,2,1,1,2,1,2,1,1,2,3,2,2,4,1,2,2,3,46,1,3,NA,6,3,92466,3,3,3,5,2,5,3,5,2,5,4,5,2,3,3,2,4,5,5,2.15,3.4285714285714284,2,3,2,2,3,2,6,2,3.5,6,3,5.5,1.3,2
10/5/21 10:45,10/5/21 10:48,0,100,180,1,10/5/21 10:48,anonymous,EN,7ad9c4f7723377b2059cf6a4ce8170a313a3b233,4,6,4,4,4,4,4,6,5,4,4,4,4,4,5,4,4,5,5,6,7,6,6,6,2,1,4,4,4,4,4,4,4,4,4,4,4,4,4,4,4,4,4,4,4,4,6,7,7,5,7,2,7,7,7,7,0,0,0,0,0,0,0,0,0,0,0,0,0,4,0,0,0,1,45,2,3,NA,5,4,99359,4,4,6,6,4,5,4,4,4,4,4,4,4,4,5,4,4,5,5,4,4.428571428571429,6,7,6,6,6,2,1,4,7,7,6,7,0,0
10/5/21 14:28,10/5/21 14:30,0,100,147,1,10/5/21 14:30,anonymous,EN,b007594cc69e145d66d29357a50cb68ac4c44b24,5,6,6,6,4,5,5,4,4,5,6,4,5,7,7,6,5,4,5,2,4,3,3,3,3,4,1,1,1,1,2,1,1,1,2,1,4,1,1,1,3,1,1,1,1,1,5,2,6,7,6,3,5,4,4,4,0,0,1,0,3,0,0,0,1,0,3,3,2,4,2,3,2,6,27,2,3,NA,6,1,39903,5,5,6,4,6,4,6,5,4,6,5,4,5,7,7,6,5,4,5,1.35,5.571428571428571,2,4,3,3,3,3,4,4,3.5,5,5.5,5,0.5,2.5
10/5/21 10:06,10/5/21 10:13,0,100,427,1,10/5/21 10:13,anonymous,EN,a42bd2d8963bba7c391981782d7cfbcd4072698b,3,2,4,4,5,5,5,6,4,4,5,3,1,4,2,6,2,5,4,4,2,4,6,3,1,7,2,1,4,1,1,1,2,1,1,1,1,2,1,1,1,2,1,1,1,1,1,6,6,2,4,1,6,3,5,7,1,2,2,3,3,1,0,3,2,3,4,3,4,4,4,4,4,6,28,2,3,NA,5,1,41137,3,5,2,6,4,4,4,4,5,5,5,3,1,4,2,6,2,5,4,1.35,3.4285714285714284,4,2,4,6,3,1,7,1,6,4.5,3.5,5.5,2,3.8333333333333335
10/5/21 10:54,10/5/21 10:59,0,100,323,1,10/5/21 10:59,anonymous,EN,0959f69f9f5f2606e03be4e08a5f93e30f4667e5,4,6,5,4,5,4,2,4,6,4,4,3,2,4,3,2,2,5,4,6,3,3,2,4,4,4,2,3,4,4,2,3,4,4,1,2,4,4,3,4,2,3,4,2,3,2,2,6,6,6,4,1,6,6,7,5,1,0,1,0,3,1,1,1,0,0,2,2,0,4,1,0,0,5,30,1,3,NA,1,1,29895,4,2,6,4,5,6,4,4,5,4,4,3,2,4,3,2,2,5,4,3,3.142857142857143,6,3,3,2,4,4,4,1.5,6,6,6.5,4.5,0.8,0.8333333333333334
10/5/21 11:24,10/5/21 11:30,0,100,348,1,10/5/21 11:30,anonymous,EN,aac6bd8ed8e8c04f84734ca0c87d3c35477fd5cc,4,4,4,4,3,3,3,3,3,4,3,3,4,3,2,4,3,3,3,5,5,2,3,5,3,4,4,4,4,4,4,4,4,4,4,4,4,4,4,4,4,4,4,4,4,4,6,6,7,7,6,6,6,7,7,6,0,0,0,0,0,0,1,0,0,0,0,0,0,4,0,0,0,4,63,2,3,NA,6,5,89338,4,3,4,3,4,3,4,4,3,3,3,3,4,3,2,4,3,3,3,4,3.142857142857143,5,5,2,3,5,3,4,6,6,7,7,6,0.1,0
10/5/21 10:56,10/5/21 11:01,0,100,285,1,10/5/21 11:01,anonymous,EN,5e2c37cd3d41065fdb095f36eeef547b778a1d81,4,6,3,4,1,1,2,4,3,3,4,4,1,2,1,1,1,2,1,6,2,7,5,7,2,6,3,1,3,1,1,4,1,1,1,3,2,1,1,3,1,3,3,1,3,1,1,3,5,2,3,1,3,6,3,2,2,1,2,3,3,1,2,3,3,1,4,3,3,4,2,3,1,2,35,2,4,NA,5,4,97351,4,2,6,4,3,3,4,3,1,4,1,4,1,2,1,1,1,2,1,1.9,1.2857142857142858,6,2,7,5,7,2,6,1,3,5.5,2.5,2.5,2.1,2.6666666666666665
10/5/21 11:55,10/5/21 12:00,0,100,260,1,10/5/21 12:00,anonymous,EN,adc6f4f140ebf7561141948b2ef6930ba54ba277,1,1,1,1,1,1,5,5,5,6,5,4,1,1,1,1,4,4,4,4,7,3,4,4,4,4,3,4,2,4,4,3,4,4,4,4,4,4,4,4,4,4,4,3,4,4,6,7,7,1,7,6,7,7,7,7,1,0,1,3,2,1,3,2,0,0,0,0,1,4,0,0,0,7,42,1,3,NA,3,2,67089,1,5,1,5,1,5,1,6,1,5,1,4,1,1,1,1,4,4,4,3.75,2.2857142857142856,4,7,3,4,4,4,4,6,7,7,4,7,1.3,0.16666666666666666
10/5/21 11:39,10/5/21 11:45,0,100,347,1,10/5/21 11:45,anonymous,EN,dbaae61fe6f900ec83c1f9744b84a280cab73f7b,5,5,5,5,3,3,3,4,5,5,3,3,3,4,4,5,5,5,3,3,5,5,5,4,3,4,2,2,2,2,2,2,2,2,2,2,2,2,2,2,3,2,2,2,2,2,2,5,5,5,5,4,5,5,5,6,0,0,0,0,2,0,1,2,2,0,0,2,2,4,0,1,1,2,70,2,3,NA,6,1,20412,5,3,5,4,5,5,5,5,3,3,3,3,3,4,4,5,5,5,3,2.05,4.142857142857143,3,5,5,5,4,3,4,3,5,5,5,5.5,0.7,1
10/5/21 11:13,10/5/21 11:17,0,100,267,1,10/5/21 11:17,anonymous,EN,20a4d20da9838fd79f0c4ac54b48d139bbd25620,5,6,6,5,5,5,5,5,5,4,4,3,5,5,5,4,5,5,5,3,4,5,5,4,6,2,3,4,4,4,4,4,4,3,3,3,4,3,3,4,3,4,3,4,4,4,5,7,7,7,7,2,5,7,7,7,0,0,1,1,2,0,0,1,0,1,0,0,0,4,0,0,0,2,43,1,3,NA,4,1,92990,5,5,6,5,6,5,5,4,5,4,5,3,5,5,5,4,5,5,5,3.6,4.857142857142857,3,4,5,5,4,6,2,3.5,6,7,7,7,0.6,0
10/5/21 11:04,10/5/21 11:09,0,100,313,1,10/5/21 11:09,anonymous,EN,fc802d1adfb172504bf945662f5add2e366fc4d8,6,6,5,4,6,5,6,5,5,5,6,6,3,5,3,5,3,5,5,2,2,2,3,4,3,5,2,3,3,3,4,3,4,4,4,4,4,4,3,4,4,4,4,3,4,4,5,4,6,5,5,5,6,5,6,4,0,0,0,1,2,1,0,1,1,0,0,0,0,4,0,0,1,3,34,2,2,NA,3,2,78895,6,6,6,5,5,5,4,5,6,6,5,6,3,5,3,5,3,5,5,3.6,4.142857142857143,2,2,2,3,4,3,5,5,5,5.5,5.5,4.5,0.6,0.16666666666666666
10/5/21 10:10,10/5/21 10:13,0,100,183,1,10/5/21 10:13,anonymous,EN,1f1a2d9b0ea89997245f9fa1b177bed144aa20de,6,5,7,6,7,6,6,7,7,5,6,7,6,5,7,6,7,5,6,5,2,1,3,2,3,1,4,2,3,3,4,2,3,4,4,3,3,2,4,3,4,3,4,4,2,3,6,3,7,2,7,2,5,1,6,1,3,2,2,2,0,1,2,0,3,2,3,2,4,4,4,3,4,5,48,1,3,NA,5,2,95393,6,6,5,7,7,7,6,5,7,6,6,7,6,5,7,6,7,5,6,3.2,6,5,2,1,3,2,3,1,4,4,4,4,4,1.7,3.3333333333333335
10/5/21 12:58,10/5/21 13:02,0,100,229,1,10/5/21 13:02,anonymous,EN,c51c74f127075e1c1431a5cbbfa56e8ae2da2c35,4,6,4,4,5,4,3,5,6,5,4,4,6,3,4,4,4,4,4,5,1,3,1,4,2,5,3,4,4,4,4,4,4,4,3,4,4,4,4,4,4,4,4,4,4,4,6,7,3,3,7,7,7,7,6,7,0,0,2,1,1,0,2,1,1,1,1,0,1,4,0,0,0,1,29,1,3,NA,3,1,62243,4,3,6,5,4,6,4,5,5,4,4,4,6,3,4,4,4,4,4,3.9,4.142857142857143,5,1,3,1,4,2,5,6.5,7,5,4.5,7,0.9,0.3333333333333333
10/5/21 13:42,10/5/21 13:47,0,100,331,1,10/5/21 13:47,anonymous,EN,0381be1622ddd26a1462b8fbd4023326fd91b97a,5,5,5,5,5,5,5,6,6,6,5,5,6,6,4,4,4,4,4,5,4,3,3,3,4,4,4,4,4,4,4,4,4,4,4,4,4,4,4,4,4,4,4,4,4,4,6,7,6,7,7,7,7,7,7,7,0,0,0,0,0,0,0,0,0,0,0,0,0,4,0,0,0,1,45,1,3,NA,6,3,57622,5,5,5,6,5,6,5,6,5,5,5,5,6,6,4,4,4,4,4,4,4.571428571428571,5,4,3,3,3,4,4,6.5,7,6.5,7,7,0,0
10/5/21 10:17,10/5/21 10:23,0,100,337,1,10/5/21 10:23,anonymous,EN,e72e38235a67e1e3b4505843c5e6f10e4a16b2c2,4,5,3,3,4,5,3,3,4,3,4,5,1,1,1,1,5,5,4,6,3,3,3,5,3,5,4,3,4,4,1,4,3,2,2,4,4,3,2,4,1,4,4,4,4,3,1,3,6,6,3,3,3,6,6,4,0,0,0,0,3,0,0,0,0,0,2,1,1,4,1,1,0,4,41,2,3,NA,2,1,57347,4,3,5,3,3,4,3,3,4,4,5,5,1,1,1,1,5,5,4,3.2,2.5714285714285716,6,3,3,3,5,3,5,2,3,6,6,3.5,0.3,1
10/5/21 10:22,10/5/21 10:29,0,100,437,1,10/5/21 10:29,anonymous,EN,4803eb0b324e16b7c5423a0c7399f7784236e91e,7,7,7,7,7,4,1,1,1,4,1,1,1,1,1,1,5,7,7,1,1,1,1,1,4,1,1,4,1,4,4,4,4,4,4,4,4,4,4,4,4,4,4,4,4,4,7,7,7,7,7,3,7,7,7,7,0,1,1,3,0,0,1,0,1,1,0,0,0,4,0,0,0,1,40,1,23,NA,5,3,71637,7,1,7,1,7,1,7,4,7,1,4,1,1,1,1,1,5,7,7,3.7,3.2857142857142856,1,1,1,1,1,4,1,5,7,7,7,7,0.8,0
10/5/21 10:28,10/5/21 10:33,0,100,298,1,10/5/21 10:33,anonymous,EN,30396de7b38769b12fac997d7c014a6d41b397d8,5,5,4,4,2,2,2,4,2,2,2,2,1,4,2,2,2,3,4,3,1,5,4,4,2,6,3,3,4,4,4,4,4,4,4,4,4,4,3,4,4,4,4,2,4,4,2,6,6,5,5,2,5,6,6,6,0,0,0,0,3,0,0,0,0,0,2,1,1,4,0,1,2,2,36,2,3,NA,3,2,72961,5,2,5,4,4,2,4,2,2,2,2,2,1,4,2,2,2,3,4,3.75,2.5714285714285716,3,1,5,4,4,2,6,2,5.5,6,5.5,5.5,0.3,1.1666666666666667
10/5/21 12:41,10/5/21 12:46,0,100,274,1,10/5/21 12:46,anonymous,EN,6bd5df2a9977f5aa5d9fe0a1214866e3ac4088dc,6,6,5,4,4,5,4,4,4,4,4,4,4,5,1,1,5,5,5,4,6,6,3,2,4,4,4,4,4,4,4,4,4,4,3,4,4,4,4,4,4,4,4,4,4,3,2,7,7,7,6,1,7,7,7,7,0,0,0,0,0,0,0,0,0,0,0,0,0,4,0,0,0,4,44,2,2,NA,2,3,82067,6,4,6,4,5,4,4,4,4,4,5,4,4,5,1,1,5,5,5,3.9,3.7142857142857144,4,6,6,3,2,4,4,1.5,7,7,7,6.5,0,0
10/5/21 10:12,10/5/21 10:14,0,100,133,1,10/5/21 10:14,anonymous,EN,731ed588bf25bc204da0992fc63da432bd9d3cc4,5,5,5,4,4,4,3,5,4,4,4,4,4,4,4,3,4,4,4,3,5,5,5,5,4,4,4,4,4,4,4,4,4,4,4,4,4,4,4,4,4,4,4,4,4,4,4,5,5,5,4,4,3,5,5,4,0,0,0,0,0,0,0,0,0,0,0,0,0,4,0,0,0,4,27,2,3,NA,5,1,98868,5,3,5,5,5,4,4,4,4,4,4,4,4,4,4,3,4,4,4,4,3.857142857142857,3,5,5,5,5,4,4,4,4,5,5,4,0,0
10/5/21 12:45,10/5/21 12:49,0,100,237,1,10/5/21 12:49,anonymous,EN,3541869e492c82d6a33f7d6a6fefc5ddbea68ad9,7,7,7,6,5,5,5,5,5,5,5,5,2,2,6,6,2,2,2,6,6,2,2,2,2,2,3,1,3,1,1,4,1,1,1,1,1,1,1,4,1,1,2,1,1,1,2,2,2,1,6,2,7,3,2,6,0,2,1,3,3,2,3,3,3,2,4,3,4,4,4,4,1,1,27,1,3,NA,3,2,69620,7,5,7,5,7,5,6,5,5,5,5,5,2,2,6,6,2,2,2,1.55,3.142857142857143,6,6,2,2,2,2,2,2,4.5,2.5,1.5,6,2.2,3.3333333333333335
10/5/21 10:18,10/5/21 10:26,0,100,492,1,10/5/21 10:26,anonymous,EN,ba36a4a2a3442c8e03cd2a3770649ef55f5b7db2,5,5,5,6,6,6,3,6,4,6,6,6,4,4,3,5,3,3,3,3,2,6,4,5,3,6,3,3,3,2,3,4,4,4,4,4,4,4,3,4,4,4,3,4,3,3,4,6,6,4,5,3,6,6,5,6,0,1,1,1,1,0,0,1,1,2,0,0,1,4,1,2,2,6,41,1,3,NA,4,5,10667,5,3,5,6,5,4,6,6,6,6,6,6,4,4,3,5,3,3,3,3.5,3.5714285714285716,3,2,6,4,5,3,6,3.5,6,6,4.5,5.5,0.8,1
10/5/21 10:59,10/5/21 11:04,0,100,297,1,10/5/21 11:04,anonymous,EN,6053ee7acd998bc9edf46d6c08e8e694fb240f90,4,5,5,5,6,4,4,3,4,4,3,3,4,2,4,2,5,5,5,3,5,6,6,5,3,3,4,4,4,4,3,4,4,3,3,3,2,4,4,4,1,3,4,2,3,2,1,7,5,6,4,1,6,7,7,6,0,1,1,1,1,1,0,2,0,1,1,2,1,4,0,1,1,4,44,2,3,NA,5,1,34944,4,4,5,3,5,4,5,4,6,3,4,3,4,2,4,2,5,5,5,3.25,3.857142857142857,3,5,6,6,5,3,3,1,6.5,6,6.5,5,0.8,1
10/5/21 13:21,10/5/21 13:29,0,100,477,1,10/5/21 13:29,anonymous,EN,63ba117b733e1d2df76652c752f765f4e322ef26,5,6,6,6,4,4,3,5,6,6,5,5,3,2,1,2,3,3,2,5,3,3,2,5,2,6,4,3,4,4,4,4,4,4,4,4,4,4,2,4,3,4,2,3,4,3,1,7,7,6,2,1,6,7,6,5,0,0,0,0,1,0,1,1,0,0,0,0,0,4,0,1,1,2,61,2,3,NA,6,2,57141,5,3,6,5,6,6,6,6,4,5,4,5,3,2,1,2,3,3,2,3.6,2.2857142857142856,5,3,3,2,5,2,6,1,6.5,7,6,3.5,0.3,0.3333333333333333
10/5/21 10:37,10/5/21 10:40,0,100,168,1,10/5/21 10:40,anonymous,EN,07db71295c51838033432776fabb0288e9e34bd8,4,6,4,4,2,3,4,3,4,4,3,3,3,1,1,1,2,2,2,6,2,4,3,4,5,3,4,4,4,4,4,4,4,4,4,4,4,4,4,4,4,4,4,4,4,4,3,6,7,7,5,1,7,7,7,7,0,0,0,0,1,0,1,0,0,0,0,0,0,4,0,0,0,2,28,2,3,NA,5,1,49006,4,4,6,3,4,4,4,4,2,3,3,3,3,1,1,1,2,2,2,4,1.7142857142857142,6,2,4,3,4,5,3,2,6.5,7,7,6,0.2,0
10/5/21 10:20,10/5/21 10:25,0,100,275,1,10/5/21 10:25,anonymous,EN,cd0d5b8ad23eeb9b477d9e8863db0e787df781f9,5,5,3,5,5,5,3,6,5,6,3,3,3,2,2,2,5,5,5,6,3,3,2,4,2,6,3,4,4,4,4,4,4,4,3,4,4,4,4,4,4,4,4,2,4,4,2,7,6,6,6,2,6,6,6,6,0,0,0,0,2,0,0,1,0,0,0,0,0,4,1,1,0,7,63,1,3,NA,2,1,82813,5,3,5,6,3,5,5,6,5,3,5,3,3,2,2,2,5,5,5,3.8,3.4285714285714284,6,3,3,2,4,2,6,2,6.5,6,6,6,0.3,0.3333333333333333
10/5/21 13:18,10/5/21 13:22,0,100,264,1,10/5/21 13:22,anonymous,EN,33c5812141e53b18719c96cdeda29e69ca30374b,7,7,7,7,6,5,5,4,5,4,3,3,6,7,7,7,7,7,7,7,7,7,7,7,7,4,3,4,4,4,4,4,4,4,4,4,4,4,4,4,4,4,4,4,4,4,7,7,7,7,7,7,7,7,7,7,0,0,0,0,0,0,0,0,0,0,0,0,0,4,0,0,0,7,67,1,3,NA,3,3,53696,7,5,7,4,7,5,7,4,6,3,5,3,6,7,7,7,7,7,7,3.95,6.857142857142857,7,7,7,7,7,7,4,7,7,7,7,7,0,0
10/5/21 10:10,10/5/21 10:13,0,100,147,1,10/5/21 10:13,anonymous,EN,2c4fa44cc2789f1a29884a48223523e29b320ac7,3,4,3,3,1,2,2,2,2,1,3,2,1,2,1,2,1,2,3,7,6,7,6,7,7,7,4,3,4,4,4,4,4,3,4,4,4,4,4,4,4,4,4,4,4,4,1,6,4,4,4,1,4,4,6,7,0,0,0,0,3,0,0,1,0,0,2,0,0,4,0,2,1,4,39,2,3,NA,5,1,62033,3,2,4,2,3,2,3,1,1,3,2,2,1,2,1,2,1,2,3,3.9,1.7142857142857142,7,6,7,6,7,7,7,1,5,4,5,5.5,0.4,0.8333333333333334
10/5/21 13:02,10/5/21 13:06,0,100,288,1,10/5/21 13:06,anonymous,EN,1418e1e76f22ffc2d6a81fd1b72d40c020098ae2,4,4,4,4,5,4,4,4,4,4,5,4,5,4,4,4,3,4,4,3,3,4,4,4,3,5,4,4,4,4,4,4,4,4,4,4,4,4,4,4,4,4,4,4,4,4,4,6,7,7,5,3,6,7,7,4,0,0,0,0,2,0,0,1,0,0,0,0,0,4,0,0,0,6,57,2,3,NA,5,1,41871,4,4,4,4,4,4,4,4,5,5,4,4,5,4,4,4,3,4,4,4,4,3,3,4,4,4,3,5,3.5,6,7,7,4.5,0.3,0
10/5/21 10:08,10/5/21 10:12,0,100,245,1,10/5/21 10:12,anonymous,EN,2295a721bc6174ae39d5ba06c6cf9c6a70beff2e,5,6,5,5,3,3,6,5,7,7,5,6,6,5,4,4,2,2,2,5,5,3,3,3,2,6,4,4,4,4,4,4,4,4,4,4,4,4,4,4,4,4,4,4,4,4,6,6,6,7,6,3,6,3,7,7,0,0,0,0,0,0,1,0,0,0,0,0,0,4,0,0,0,1,50,1,3,NA,2,1,93696,5,6,6,5,5,7,5,7,3,5,3,6,6,5,4,4,2,2,2,4,3.5714285714285716,5,5,3,3,3,2,6,4.5,6,4.5,7,6.5,0.1,0
10/5/21 10:24,10/5/21 10:26,0,100,163,1,10/5/21 10:26,anonymous,EN,0a339d3a534cc2ac54212a105c5697ce9d312240,5,6,5,5,6,5,5,6,6,5,6,5,5,4,5,5,4,6,5,5,3,4,3,4,3,5,4,4,4,3,4,4,4,4,3,4,4,3,3,4,4,4,3,4,4,3,6,6,6,6,6,6,6,7,6,5,0,0,0,0,0,0,0,0,0,0,0,0,0,4,0,0,0,5,53,2,3,NA,6,5,46874,5,5,6,6,5,6,5,5,6,6,5,5,5,4,5,5,4,6,5,3.7,4.857142857142857,5,3,4,3,4,3,5,6,6,6.5,6,5.5,0,0
10/5/21 10:03,10/5/21 10:06,0,100,207,1,10/5/21 10:06,anonymous,EN,25671266a223c6f82a1d8b0a181ec8ed856985a6,5,5,4,4,5,5,2,5,4,5,5,5,3,2,3,3,4,4,5,5,2,3,4,3,2,4,4,4,4,4,4,4,4,4,4,4,4,4,4,4,4,4,4,3,4,4,3,7,6,7,5,2,7,6,7,4,0,0,0,0,0,0,0,0,0,0,1,1,1,4,1,0,2,1,27,2,3,NA,5,3,21174,5,2,5,5,4,4,4,5,5,5,5,5,3,2,3,3,4,4,5,3.95,3.4285714285714284,5,2,3,4,3,2,4,2.5,7,6,7,4.5,0,1
10/5/21 14:31,10/5/21 14:37,0,100,339,1,10/5/21 14:37,anonymous,EN,f650bcf7b8ab38acb31b25f7d5407445b487fa0b,4,5,5,4,3,3,2,2,2,2,1,2,3,3,1,1,5,5,4,5,2,3,2,2,3,4,3,3,3,3,3,3,4,4,3,3,4,4,4,3,4,4,4,2,3,3,5,6,6,6,7,5,5,5,6,7,0,0,0,0,0,0,0,1,0,0,0,0,0,4,0,0,0,5,50,1,3,NA,4,3,27897,4,2,5,2,5,2,4,2,3,1,3,2,3,3,1,1,5,5,4,3.35,3.142857142857143,5,2,3,2,2,3,4,5,5.5,5.5,6,7,0.1,0
10/5/21 10:44,10/5/21 10:46,0,100,114,1,10/5/21 10:46,anonymous,EN,7a6339b72a01b119a1d2022d5fb3da9548ff72f0,3,6,5,4,5,6,4,6,5,4,3,5,3,6,5,4,4,5,5,3,6,4,3,4,5,3,2,2,3,1,2,1,2,3,2,1,3,1,1,1,1,3,3,3,2,1,4,2,6,6,1,2,5,6,4,4,2,2,3,1,3,2,3,3,2,2,2,2,2,4,0,4,4,6,29,2,3,NA,5,4,98951,3,4,6,6,5,5,4,4,5,3,6,5,3,6,5,4,4,5,5,1.9,4.571428571428571,3,6,4,3,4,5,3,3,3.5,6,5,2.5,2.3,2.3333333333333335
10/5/21 13:35,10/5/21 13:43,0,100,449,1,10/5/21 13:43,anonymous,EN,c789525ee1db49ba87c558064e6d8a4b2a97dc99,4,3,3,4,5,5,5,5,5,5,4,4,5,4,3,2,4,3,4,5,3,3,3,4,2,5,4,4,4,4,4,4,4,4,4,3,4,4,4,4,4,4,4,3,3,3,3,7,5,5,5,3,6,5,6,5,0,0,0,0,1,0,0,0,0,0,0,0,0,4,0,0,0,1,67,1,3,NA,6,1,76521,4,5,3,5,3,5,4,5,5,4,5,4,5,4,3,2,4,3,4,3.8,3.5714285714285716,5,3,3,3,4,2,5,3,6.5,5,5.5,5,0.1,0
10/5/21 11:01,10/5/21 11:06,0,100,284,1,10/5/21 11:06,anonymous,EN,977e4377811a97ce8b3be526a88fab8f464fe669,5,3,4,5,2,2,3,3,5,5,6,6,2,1,2,3,2,3,4,6,3,2,2,3,2,4,2,2,3,1,1,3,1,1,2,2,2,2,1,2,1,2,3,1,3,1,2,7,2,5,5,3,6,1,5,5,2,2,3,3,3,2,2,2,2,3,1,3,2,4,2,2,2,2,29,3,5,NA,4,1,31459,5,3,3,3,4,5,5,5,2,6,2,6,2,1,2,3,2,3,4,1.8,2.4285714285714284,6,3,2,2,3,2,4,2.5,6.5,1.5,5,5,2.4,2
10/5/21 13:04,10/5/21 13:08,0,100,258,1,10/5/21 13:08,anonymous,EN,ce595432e86ae23d193e2b6191df3bd559284d74,6,7,6,7,5,5,7,6,7,7,6,6,5,5,1,1,5,5,5,7,1,5,1,1,1,7,4,4,4,4,4,4,4,4,4,3,4,4,3,4,3,3,4,4,3,3,7,7,7,7,5,7,5,7,7,7,0,0,0,0,0,0,1,0,0,0,0,0,0,4,0,0,0,7,60,1,3,NA,5,2,95123,6,7,7,6,6,7,7,7,5,6,5,6,5,5,1,1,5,5,5,3.7,3.857142857142857,7,1,5,1,1,1,7,7,6,7,7,6,0.1,0
10/5/21 10:23,10/5/21 10:29,0,100,343,1,10/5/21 10:29,anonymous,EN,e39ea30de9530ebbe5800a7f5709a5400f0c4b16,5,3,5,5,5,5,1,2,2,3,3,3,3,2,2,2,3,3,3,2,2,6,6,4,2,6,3,3,3,3,3,3,3,4,3,4,4,3,3,4,3,4,4,4,4,3,2,6,6,6,5,2,6,6,6,2,0,0,0,0,1,0,0,1,0,0,0,0,0,4,0,0,1,1,40,1,2,NA,5,1,47805,5,1,3,2,5,2,5,3,5,3,5,3,3,2,2,2,3,3,3,3.4,2.5714285714285716,2,2,6,6,4,2,6,2,6,6,6,3.5,0.2,0.16666666666666666
10/5/21 10:32,10/5/21 10:37,0,100,271,1,10/5/21 10:37,anonymous,EN,55944912d6f8a877ffb76c6f733b502689c2a234,6,7,6,5,5,3,3,2,6,5,7,6,2,3,1,4,3,6,5,3,5,5,6,6,3,6,3,4,3,3,4,4,3,4,2,2,4,3,4,4,3,2,3,2,3,4,2,5,6,5,7,1,6,5,5,1,1,0,2,1,0,1,3,1,0,1,1,2,0,4,1,1,2,6,30,1,3,NA,5,2,90012,6,3,7,2,6,6,5,5,5,7,3,6,2,3,1,4,3,6,5,3.2,3.4285714285714284,3,5,5,6,6,3,6,1.5,5.5,5.5,5,4,1,1.1666666666666667
10/5/21 11:07,10/5/21 11:09,0,100,147,1,10/5/21 11:09,anonymous,EN,21c6141652ba0e4b23e896bb40e44ae8916317f8,5,4,6,6,4,5,3,2,6,5,4,5,2,3,3,2,2,3,2,3,2,2,4,2,3,3,4,4,4,4,3,4,4,4,4,4,4,4,4,4,4,4,4,4,4,4,1,7,6,3,7,1,6,7,4,2,0,0,0,0,3,0,0,3,0,0,3,4,2,4,3,2,2,6,40,2,3,NA,5,5,70299,5,3,4,2,6,6,6,5,4,4,5,5,2,3,3,2,2,3,2,3.95,2.4285714285714284,3,2,2,4,2,3,3,1,6.5,6.5,3.5,4.5,0.6,2.6666666666666665
10/5/21 10:15,10/5/21 10:17,0,100,145,1,10/5/21 10:17,anonymous,EN,f65bfe01ffaeda84f5f92a35eac41f8e5bde6dfe,6,4,6,5,6,4,7,5,4,6,4,6,7,5,6,5,6,4,6,3,2,2,1,3,4,3,2,3,2,4,1,2,2,1,4,2,3,2,2,1,3,2,3,2,3,2,7,3,6,1,4,2,5,3,5,3,3,1,2,2,2,2,3,2,2,3,4,2,3,4,2,2,2,6,39,2,3,NA,5,2,89912,6,7,4,5,6,4,5,6,6,4,4,6,7,5,6,5,6,4,6,2.3,5.571428571428571,3,2,2,1,3,4,3,4.5,4,4.5,3,3.5,2.2,2.5
10/5/21 11:21,10/5/21 11:24,0,100,205,1,10/5/21 11:24,anonymous,EN,a104064a07cbadee32276745cf8f67bcbbce3077,6,7,5,6,5,6,6,5,4,3,5,4,6,5,4,6,7,6,5,5,6,5,4,5,5,6,3,2,3,4,3,2,3,4,3,2,3,4,3,2,3,2,3,3,4,3,5,4,6,3,4,2,5,4,6,1,2,1,2,3,1,1,2,0,3,2,3,2,3,4,2,1,3,4,39,2,3,NA,3,1,10988,6,6,7,5,5,4,6,3,5,5,6,4,6,5,4,6,7,6,5,2.95,5.571428571428571,5,6,5,4,5,5,6,3.5,4.5,5,4.5,2.5,1.7,2.3333333333333335
10/5/21 10:33,10/5/21 10:36,0,100,170,1,10/5/21 10:36,anonymous,EN,0ebfa1dfbbd825d61c9883a06575fa893a7ff799,5,5,5,5,5,5,4,4,4,4,4,4,1,1,1,1,4,3,4,6,2,2,3,3,4,4,3,3,3,3,3,4,2,2,4,4,4,4,4,4,4,4,4,4,4,4,2,6,6,6,4,2,6,6,6,6,0,0,0,0,3,0,0,3,0,0,1,2,2,4,2,1,3,2,31,2,3,NA,5,1,52203,5,4,5,4,5,4,5,4,5,4,5,4,1,1,1,1,4,3,4,3.55,2.142857142857143,6,2,2,3,3,4,4,2,6,6,6,5,0.6,1.8333333333333333
10/5/21 9:54,10/5/21 9:55,0,100,101,1,10/5/21 9:55,anonymous,EN,d6ca4d270ce7a6cea092a9ec2a3cfda7fcb0d681,4,3,5,4,2,3,4,5,6,4,6,6,4,2,4,3,3,4,5,3,3,4,3,5,3,4,2,3,2,1,3,2,2,3,2,3,2,3,2,1,3,2,2,3,3,3,4,4,3,4,2,6,6,3,3,7,1,0,0,0,3,0,0,2,2,1,2,1,1,4,1,3,3,3,26,2,34,NA,3,2,23975,4,4,3,5,5,6,4,4,2,6,3,6,4,2,4,3,3,4,5,2.35,3.5714285714285716,3,3,4,3,5,3,4,5,5,3,3.5,4.5,0.9,1.8333333333333333
10/5/21 13:32,10/5/21 13:38,0,100,392,1,10/5/21 13:38,anonymous,EN,5fda032f422db9f502ad2826aec1993341fa67e6,6,7,7,7,4,4,5,5,3,5,2,2,3,4,3,2,5,5,5,2,6,2,2,2,4,4,3,3,4,2,2,3,3,3,2,4,4,4,3,4,1,4,4,4,4,2,7,7,7,7,7,7,6,6,7,7,0,0,0,0,0,0,0,0,0,0,0,0,0,4,0,0,0,7,53,1,3,NA,3,4,90651,6,5,7,5,7,3,7,5,4,2,4,2,3,4,3,2,5,5,5,3.15,3.857142857142857,2,6,2,2,2,4,4,7,6.5,6.5,7,7,0,0
10/5/21 10:10,10/5/21 10:12,0,100,156,1,10/5/21 10:12,anonymous,EN,a318c6b5e19eefbcd93ffe2dfe84ba705e19adfa,5,6,6,6,5,5,2,3,3,5,3,3,5,6,6,5,6,6,6,2,3,1,1,2,2,2,4,4,4,4,4,4,4,4,4,4,4,4,4,4,4,4,4,4,4,4,6,6,5,6,6,6,6,6,6,6,0,0,0,0,1,0,0,0,0,0,0,0,0,4,0,0,0,2,29,1,3,NA,5,3,90905,5,2,6,3,6,3,6,5,5,3,5,3,5,6,6,5,6,6,6,4,5.714285714285714,2,3,1,1,2,2,2,6,6,5.5,6,6,0.1,0
10/5/21 10:35,10/5/21 10:39,0,100,206,1,10/5/21 10:39,anonymous,EN,2facd64e34a7ea57d2c4fc616288bece079cfc15,6,5,6,6,5,3,3,6,5,5,5,5,3,3,3,3,5,4,4,3,2,3,2,3,3,5,2,2,3,2,3,3,4,4,3,3,3,4,3,3,4,3,3,1,3,3,2,6,6,3,3,2,6,6,3,6,0,0,0,0,1,0,0,1,1,0,1,2,1,4,1,1,1,2,37,2,23,NA,5,2,35601,6,3,5,6,6,5,6,5,5,5,3,5,3,3,3,3,5,4,4,2.95,3.5714285714285716,3,2,3,2,3,3,5,2,6,6,3,4.5,0.3,1.1666666666666667
10/5/21 11:47,10/5/21 11:51,0,100,196,1,10/5/21 11:51,anonymous,EN,caa76b6d5003c5d584c35b76565ae428c6835f5b,5,6,5,6,5,4,4,3,5,4,3,5,2,3,2,3,3,5,6,6,4,2,1,1,2,4,2,1,2,1,1,2,2,2,2,1,2,2,3,1,1,1,1,2,2,1,1,5,4,1,6,1,7,3,1,7,2,3,3,2,2,2,3,3,3,2,2,1,3,4,1,4,2,1,26,1,3,NA,2,1,87860,5,4,6,3,5,5,6,4,5,3,4,5,2,3,2,3,3,5,6,1.6,3.4285714285714284,6,4,2,1,1,2,4,1,6,3.5,1,6.5,2.5,2.1666666666666665
10/5/21 11:51,10/5/21 11:53,0,100,141,1,10/5/21 11:53,anonymous,EN,d3e14d71a609c8f9c42dc4fd7836209018e6fad2,5,6,6,6,5,6,6,6,6,6,6,5,6,6,5,6,6,6,6,5,5,6,6,6,5,5,3,3,3,3,3,3,3,3,3,3,3,3,2,2,2,2,2,2,2,2,5,2,6,2,6,2,6,2,6,2,1,2,2,2,1,2,2,1,2,2,3,3,3,4,3,3,3,2,49,2,1,NA,5,5,40065,5,6,6,6,6,6,6,6,5,6,6,5,6,6,5,6,6,6,6,2.6,5.857142857142857,5,5,6,6,6,5,5,3.5,4,4,4,4,1.7,3
10/5/21 10:20,10/5/21 10:27,0,100,375,1,10/5/21 10:27,anonymous,EN,cda8a3d20a8f1085b3f9c40d9a6b293605598694,4,5,2,3,2,4,5,6,6,6,5,5,4,3,2,4,4,4,4,3,3,1,1,2,2,5,1,1,1,1,1,1,1,1,1,1,1,2,2,1,2,1,1,2,1,1,2,6,5,4,6,3,6,2,5,7,2,3,3,3,3,1,2,2,3,2,1,2,2,4,2,2,2,1,50,2,3,NA,5,2,32985,4,5,5,6,2,6,3,6,2,5,4,5,4,3,2,4,4,4,4,1.2,3.5714285714285716,3,3,1,1,2,2,5,2.5,6,3.5,4.5,6.5,2.4,1.8333333333333333
10/5/21 11:07,10/5/21 11:13,0,100,356,1,10/5/21 11:13,anonymous,EN,c8c0f8fa87ecd77a974169a082e09b7589dbe8b9,5,5,5,4,5,6,5,5,5,6,4,3,6,6,6,4,6,6,6,4,4,2,2,4,5,3,4,4,4,4,4,4,4,4,4,4,4,4,4,4,4,4,4,4,4,4,7,7,7,7,7,7,6,7,7,7,0,0,0,0,0,0,0,0,0,0,0,0,0,4,0,0,0,3,34,2,1,NA,5,2,53073,5,5,5,5,5,5,4,6,5,4,6,3,6,6,6,4,6,6,6,4,5.714285714285714,4,4,2,2,4,5,3,7,6.5,7,7,7,0,0
10/5/21 12:32,10/5/21 12:37,0,100,304,1,10/5/21 12:37,anonymous,EN,3634997611c92b195cc5dae38be50075ee58c96f,6,6,6,4,3,6,3,5,5,4,5,5,3,2,1,1,3,5,5,2,2,3,5,3,3,3,4,4,4,3,1,3,3,3,2,3,4,4,3,4,1,3,4,4,4,3,3,3,7,6,5,6,3,7,7,5,0,0,1,0,1,0,1,1,0,0,0,2,1,4,1,1,0,2,43,1,3,NA,2,2,17061,6,3,6,5,6,5,4,4,3,5,6,5,3,2,1,1,3,5,5,3.2,2.857142857142857,2,2,3,5,3,3,3,4.5,3,7,6.5,5,0.4,0.8333333333333334
10/5/21 13:10,10/5/21 13:15,0,100,286,1,10/5/21 13:15,anonymous,EN,dfd789f6b8217ac109437656269d5e6f1b8551d3,6,5,6,6,7,7,2,5,5,5,3,2,3,2,2,5,6,6,6,2,2,3,4,3,3,6,4,4,4,3,3,2,4,4,3,2,4,4,4,4,3,4,4,2,2,4,2,5,5,1,7,1,7,2,2,3,0,1,2,2,0,0,1,1,0,1,1,3,2,4,0,2,3,2,34,1,3,NA,4,3,23059,6,2,5,5,6,5,6,5,7,3,7,2,3,2,2,5,6,6,6,3.4,4.285714285714286,2,2,3,4,3,3,6,1.5,6,3.5,1.5,5,0.8,1.8333333333333333
10/5/21 12:53,10/5/21 12:57,0,100,195,1,10/5/21 12:57,anonymous,EN,65660b464aa1f6a998f33aa24e4ae2cc1746a8f9,6,5,2,3,2,2,1,6,2,4,3,6,1,1,1,1,2,2,2,4,2,3,3,5,3,5,4,1,4,2,1,4,1,1,1,4,3,1,1,4,1,3,4,1,3,1,1,2,7,3,2,1,3,7,7,6,0,0,0,0,2,0,0,1,0,0,3,4,4,4,4,4,0,4,30,1,23,NA,5,2,66384,6,1,5,6,2,2,3,4,2,3,2,6,1,1,1,1,2,2,2,2.25,1.4285714285714286,4,2,3,3,5,3,5,1,2.5,7,5,4,0.3,3.1666666666666665
10/5/21 11:12,10/5/21 11:15,0,100,217,1,10/5/21 11:15,anonymous,EN,8b006733e2d37001666c127584317467c62e2bbc,5,3,5,4,5,4,3,3,2,3,3,2,3,4,5,3,4,5,5,3,2,5,3,3,2,5,3,3,3,3,3,3,3,3,3,2,3,3,3,3,2,3,3,3,3,3,6,3,6,6,6,5,4,3,6,2,0,0,0,0,0,0,0,1,0,0,0,0,0,4,0,0,0,2,27,2,4,NA,5,3,10420,5,3,3,3,5,2,4,3,5,3,4,2,3,4,5,3,4,5,5,2.9,4.142857142857143,3,2,5,3,3,2,5,5.5,3.5,4.5,6,4,0.1,0
10/5/21 10:10,10/5/21 10:14,0,100,287,1,10/5/21 10:14,anonymous,EN,7edbde81e73d7022aff1dd66bc793f9b97be2379,5,3,6,6,6,5,3,6,5,6,7,7,2,1,2,1,3,5,5,3,1,5,2,3,1,5,3,3,4,3,2,3,4,4,3,4,4,3,4,3,2,3,4,2,4,4,1,6,4,2,2,1,5,3,2,7,1,2,2,3,2,0,2,1,0,2,3,3,4,4,4,4,3,2,30,1,3,NA,4,2,91684,5,3,3,6,6,5,6,6,6,7,5,7,2,1,2,1,3,5,5,3.3,2.7142857142857144,3,1,5,2,3,1,5,1,5.5,3.5,2,4.5,1.5,3.5
10/5/21 11:20,10/5/21 11:24,0,100,231,1,10/5/21 11:24,anonymous,EN,fa8e478f8dcf8faf93b12479501936856430c710,5,4,3,4,1,2,3,5,2,4,1,1,3,3,3,4,6,6,6,3,2,7,2,7,4,4,4,3,4,2,2,4,2,2,1,3,3,3,4,3,2,3,4,1,3,2,1,5,3,4,3,1,5,3,6,4,0,0,1,1,1,0,0,1,1,1,4,2,2,4,0,1,1,4,47,2,3,NA,2,4,52804,5,3,4,5,3,2,4,4,1,1,2,1,3,3,3,4,6,6,6,2.75,4.428571428571429,3,2,7,2,7,4,4,1,5,3,5,3.5,0.6,1.6666666666666667
10/5/21 11:06,10/5/21 11:09,0,100,184,1,10/5/21 11:09,anonymous,EN,c71aa0f5be005675f03634b91545d0df959db370,6,5,6,6,5,6,2,5,5,5,4,3,3,2,4,4,3,3,3,3,2,5,4,4,2,4,2,3,3,2,2,2,3,3,3,2,3,3,3,3,3,2,2,3,3,3,3,7,5,2,5,1,6,3,4,5,1,1,1,1,1,0,2,1,1,1,2,2,1,4,1,2,4,3,39,1,3,NA,3,2,67498,6,2,5,5,6,5,6,5,5,4,6,3,3,2,4,4,3,3,3,2.65,3.142857142857143,3,2,5,4,4,2,4,2,6.5,4,3,5,1,2
10/5/21 11:16,10/5/21 11:20,0,100,243,1,10/5/21 11:20,anonymous,EN,2bc3c087570944fb10af3e1684c70cef823c8720,6,6,6,6,4,3,5,5,5,5,6,6,5,3,3,2,2,3,3,3,3,2,2,2,2,5,3,4,3,4,4,4,4,4,4,4,4,4,4,4,4,4,4,4,4,4,2,6,6,6,5,2,6,6,6,3,0,0,0,0,0,0,0,0,0,0,0,0,0,4,1,0,1,6,44,2,3,NA,5,3,52851,6,5,6,5,6,5,6,5,4,6,3,6,5,3,3,2,2,3,3,3.9,3,3,3,2,2,2,2,5,2,6,6,6,4,0,0.3333333333333333
10/5/21 11:40,10/5/21 11:42,0,100,156,1,10/5/21 11:42,anonymous,EN,78b3f16b952a6487df81a5228e6be84896e77351,6,6,6,6,6,6,2,4,4,3,3,3,1,2,1,1,1,1,1,6,2,3,2,2,2,6,2,3,3,3,2,3,3,3,3,3,3,3,3,3,3,3,3,2,3,3,1,3,6,2,4,1,7,7,6,7,1,0,0,0,2,0,1,2,0,0,3,2,3,4,3,4,2,1,31,2,3,NA,5,2,37253,6,2,6,4,6,4,6,3,6,3,6,3,1,2,1,1,1,1,1,2.85,1.1428571428571428,6,2,3,2,2,2,6,1,5,6.5,4,5.5,0.6,2.8333333333333335
10/5/21 12:23,10/5/21 12:27,0,100,217,1,10/5/21 12:27,anonymous,EN,df36a4df143108e8262adf432f6711903da3379c,4,3,3,4,5,4,2,5,4,5,6,6,1,2,1,1,3,2,2,4,2,6,6,7,2,6,4,4,4,4,4,4,3,4,4,4,4,4,4,4,4,4,4,4,4,3,1,6,7,6,4,1,4,7,7,4,0,0,0,0,1,0,0,0,0,0,0,0,0,4,0,0,0,4,26,2,4,NA,3,2,47925,4,2,3,5,3,4,4,5,5,6,4,6,1,2,1,1,3,2,2,3.9,1.7142857142857142,4,2,6,6,7,2,6,1,5,7,6.5,4,0.1,0
10/5/21 10:56,10/5/21 11:01,0,100,292,1,10/5/21 11:01,anonymous,EN,64cb89f359dde416f03b6bb2e6f6c912ead19ec3,5,5,5,6,6,7,2,5,4,5,6,2,5,5,4,2,5,3,5,3,1,5,5,5,1,7,4,4,4,4,4,3,4,4,4,4,4,4,3,4,4,4,4,2,4,4,6,5,6,5,5,6,7,7,6,5,0,0,0,0,0,0,1,0,0,0,0,0,0,4,0,0,0,6,64,1,3,NA,5,1,38720,5,2,5,5,5,4,6,5,6,6,7,2,5,5,4,2,5,3,5,3.8,4.142857142857143,3,1,5,5,5,1,7,6,6,6.5,5.5,5,0.1,0
10/5/21 11:28,10/5/21 11:34,0,100,351,1,10/5/21 11:34,anonymous,EN,1cf83168b20209b961a222bec17b58be61587ec6,5,3,6,7,5,5,6,6,7,6,3,3,1,3,3,1,6,6,6,2,3,2,2,2,5,3,3,3,4,4,4,3,4,4,4,4,4,4,3,3,3,4,4,2,4,3,2,7,7,6,6,2,7,3,5,5,0,1,0,1,1,0,2,1,1,1,0,1,1,4,0,2,0,3,64,1,3,NA,2,2,94833,5,6,3,6,6,7,7,6,5,3,5,3,1,3,3,1,6,6,6,3.55,3.7142857142857144,2,3,2,2,2,5,3,2,7,5,5.5,5.5,0.8,0.6666666666666666
10/5/21 14:37,10/5/21 14:44,0,100,401,1,10/5/21 14:44,anonymous,EN,fe07cb43074a40f24e3b9dc705d2dcd7ba2a48e8,7,7,7,7,7,7,1,1,1,1,1,1,1,1,1,1,4,4,4,1,1,1,1,1,1,7,4,4,4,4,4,4,4,4,4,4,4,4,4,4,4,4,4,4,4,4,7,7,7,7,7,7,7,7,7,7,0,0,0,0,0,0,0,0,0,0,0,0,0,4,0,0,0,7,31,1,3,NA,5,1,13645,7,1,7,1,7,1,7,1,7,1,7,1,1,1,1,1,4,4,4,4,2.2857142857142856,1,1,1,1,1,1,7,7,7,7,7,7,0,0
10/5/21 10:24,10/5/21 10:28,0,100,216,1,10/5/21 10:28,anonymous,EN,b87317d0120d5e82f37366fb99257bd8a5fe0867,6,6,6,5,4,5,2,3,4,4,5,4,5,5,6,5,5,6,5,4,5,4,4,3,4,3,3,4,4,3,4,3,4,4,3,4,4,4,4,4,4,4,4,4,4,3,5,5,5,6,5,4,5,6,5,4,1,0,0,1,1,0,1,1,0,1,1,0,0,4,1,0,1,3,29,1,1,NA,5,3,32107,6,2,6,3,6,4,5,4,4,5,5,4,5,5,6,5,5,6,5,3.75,5.285714285714286,4,5,4,4,3,4,3,4.5,5,5.5,5.5,4.5,0.6,0.5
10/5/21 10:18,10/5/21 10:22,0,100,239,1,10/5/21 10:22,anonymous,EN,20e12c82715a34615ef79fcf040a0c4bb3ae0dac,6,5,6,6,5,4,3,4,5,4,3,4,5,4,4,5,5,5,5,4,2,3,3,4,3,4,4,4,4,3,4,4,4,4,3,4,4,4,3,4,4,3,4,3,4,4,6,6,7,7,7,5,7,7,6,7,0,0,0,0,0,0,0,0,0,0,0,0,0,4,0,0,0,1,60,1,3,NA,5,2,40688,6,3,5,4,6,5,6,4,5,3,4,4,5,4,4,5,5,5,5,3.75,4.714285714285714,4,2,3,3,4,3,4,5.5,6.5,7,6.5,7,0,0
10/5/21 14:04,10/5/21 14:07,0,100,197,1,10/5/21 14:07,anonymous,EN,6a821a2229393c4c46a864409e3565ce5aeb0dc2,5,7,6,7,5,7,5,6,7,6,5,3,2,6,4,3,6,7,5,5,6,6,6,6,4,5,4,4,1,2,3,3,3,4,3,4,4,4,4,2,2,4,3,4,4,3,3,1,5,6,4,6,5,1,3,1,2,3,3,2,0,2,0,0,2,3,2,4,3,4,4,3,4,2,33,1,2,NA,5,4,63320,5,5,7,6,6,7,7,6,5,5,7,3,2,6,4,3,6,7,5,3.25,4.714285714285714,5,6,6,6,6,4,5,4.5,3,3,4.5,2.5,1.7,3.3333333333333335
10/5/21 11:25,10/5/21 11:28,0,100,192,1,10/5/21 11:28,anonymous,EN,14e9ee1e5b5a9087c6920d67ef46623c7223ed84,5,6,5,5,5,4,3,3,5,3,4,4,2,2,3,3,2,2,2,6,1,3,3,3,3,3,1,3,3,1,3,2,3,3,3,2,3,3,2,2,3,3,2,2,3,3,1,7,6,7,5,1,7,7,7,7,2,1,1,2,1,1,1,1,2,1,3,2,2,4,2,2,2,3,28,1,2,NA,4,2,82120,5,3,6,3,5,5,5,3,5,4,4,4,2,2,3,3,2,2,2,2.5,2.2857142857142856,6,1,3,3,3,3,3,1,7,6.5,7,6,1.3,2.1666666666666665
10/5/21 12:02,10/5/21 12:08,0,100,393,1,10/5/21 12:08,anonymous,EN,5cf1d7d2ed756672d1777961db16714512986839,6,4,3,3,1,5,1,4,1,1,1,1,1,5,5,6,6,7,7,1,1,3,1,1,2,3,2,2,1,1,1,1,2,2,3,1,1,2,3,1,2,1,1,1,2,2,2,2,7,1,7,1,7,2,7,7,0,0,1,0,3,1,2,1,3,0,3,2,3,4,4,3,2,1,37,2,3,NA,5,2,11038,6,1,4,4,3,1,3,1,1,1,5,1,1,5,5,6,6,7,7,1.6,5.285714285714286,1,1,3,1,1,2,3,1.5,4.5,4.5,4,7,1.1,2.8333333333333335
10/5/21 11:47,10/5/21 11:50,0,100,167,1,10/5/21 11:50,anonymous,EN,9a9c75c1f84b9129cf88c8e2ada5fbf2cff792e1,3,2,1,1,2,1,6,6,5,5,5,6,1,2,5,6,5,6,6,5,1,1,1,2,4,6,2,1,1,2,1,2,1,1,2,1,1,2,1,2,1,1,2,1,1,2,1,7,7,2,5,1,7,7,5,7,2,2,3,2,2,1,2,2,3,2,4,3,2,4,3,4,4,5,25,2,3,NA,2,2,38320,3,6,2,6,1,5,1,5,2,5,1,6,1,2,5,6,5,6,6,1.4,4.428571428571429,5,1,1,1,2,4,6,1,7,7,3.5,6,2.1,3.3333333333333335
10/5/21 10:01,10/5/21 10:03,0,100,115,1,10/5/21 10:03,anonymous,EN,ef6156ca95cf01e996a5181d3554a73496563854,4,4,4,4,4,4,4,4,4,4,4,4,4,3,2,3,4,2,3,3,3,3,4,4,4,4,2,3,3,2,2,3,3,2,2,2,3,3,3,3,2,3,3,3,2,2,4,5,7,6,4,4,2,6,5,2,0,0,0,0,1,0,1,0,0,1,0,0,0,4,0,0,0,5,34,2,3,NA,4,1,78008,4,4,4,4,4,4,4,4,4,4,4,4,4,3,2,3,4,2,3,2.55,3,3,3,3,4,4,4,4,4,3.5,6.5,5.5,3,0.3,0
10/5/21 9:58,10/5/21 10:00,0,100,135,1,10/5/21 10:00,anonymous,EN,1f0d3b5ce4d0780e53340148b8dd4f69e3939a53,5,5,5,5,5,5,5,6,5,6,5,6,5,6,5,6,6,5,6,5,6,5,6,5,5,6,4,1,4,4,4,4,4,4,4,4,4,4,4,4,4,4,4,4,4,4,4,4,7,7,5,3,5,7,7,5,0,0,0,0,3,0,0,3,0,0,0,0,0,4,0,0,0,5,30,2,2,NA,2,1,78154,5,5,5,6,5,5,5,6,5,5,5,6,5,6,5,6,6,5,6,3.85,5.571428571428571,5,6,5,6,5,5,6,3.5,4.5,7,7,5,0.6,0
10/5/21 10:49,10/5/21 10:54,0,100,295,1,10/5/21 10:54,anonymous,EN,e9813878090085a5019ff926427bcfef02fb99c9,5,4,6,6,6,6,3,3,5,5,3,3,1,6,6,3,5,5,3,6,1,3,2,3,2,7,1,4,4,4,4,4,4,4,4,4,4,4,4,4,4,4,4,4,4,4,5,5,5,5,4,3,7,1,5,1,0,1,0,2,2,0,2,2,0,3,0,0,0,4,0,0,0,6,47,1,3,NA,5,5,50529,5,3,4,3,6,5,6,5,6,3,6,3,1,6,6,3,5,5,3,3.85,4.142857142857143,6,1,3,2,3,2,7,4,6,3,5,2.5,1.2,0
10/5/21 10:16,10/5/21 10:19,0,100,218,1,10/5/21 10:19,anonymous,EN,c983739297e455deb271024c57975980268bf4c1,6,5,6,5,4,5,3,4,5,4,3,3,3,4,5,3,3,4,3,6,3,2,4,3,3,5,3,3,3,2,3,3,4,4,3,3,4,4,3,3,4,3,3,2,3,3,1,6,6,5,4,1,6,6,5,1,0,0,0,2,1,0,0,1,0,1,2,3,4,4,3,3,4,2,38,1,3,NA,5,2,20879,6,3,5,4,6,5,5,4,4,3,5,3,3,4,5,3,3,4,3,3.15,3.5714285714285716,6,3,2,4,3,3,5,1,6,6,5,2.5,0.5,3.1666666666666665
10/5/21 11:00,10/5/21 11:06,0,100,372,1,10/5/21 11:06,anonymous,EN,9829d80585a92a05f3aff3208960b062e0472962,5,6,5,4,4,2,4,5,5,4,3,6,2,2,3,3,2,4,2,5,3,3,2,2,3,5,3,3,3,2,2,2,3,3,2,2,3,4,3,2,3,2,2,1,2,2,1,6,3,2,5,1,7,2,2,7,0,2,1,1,2,0,2,2,1,2,2,2,3,4,1,2,3,2,44,1,3,NA,5,3,86783,5,4,6,5,5,5,4,4,4,3,2,6,2,2,3,3,2,4,2,2.45,2.5714285714285716,5,3,3,2,2,3,5,1,6.5,2.5,2,6,1.3,2.1666666666666665
10/5/21 10:45,10/5/21 10:47,0,100,159,1,10/5/21 10:47,anonymous,EN,5862c7aa8e2d58db7e2692164dd81d0bf561ce73,5,6,6,5,5,5,3,1,6,6,6,6,1,1,1,1,1,5,5,6,2,2,2,2,2,6,4,1,4,2,1,1,4,1,1,4,1,1,1,4,1,2,4,1,1,2,1,7,6,2,1,2,1,7,6,2,2,2,2,2,3,2,2,3,2,2,3,2,3,4,0,3,3,4,35,1,3,NA,2,1,57146,5,3,6,1,6,6,5,6,5,6,5,6,1,1,1,1,1,5,5,2.05,2.142857142857143,6,2,2,2,2,2,6,1.5,4,6.5,4,1.5,2.2,2.3333333333333335
10/5/21 10:55,10/5/21 10:58,0,100,196,1,10/5/21 10:58,anonymous,EN,723cb4eeb469e06e1ec55f7296e2b059a732a6d7,5,4,5,4,5,3,2,3,5,4,3,3,5,5,6,3,5,6,6,2,3,2,1,1,2,3,4,4,4,4,3,4,4,4,4,4,4,4,4,4,4,4,4,4,4,4,3,7,7,5,5,3,6,7,6,3,0,0,0,0,0,0,0,0,0,0,0,1,1,4,0,1,0,6,30,1,3,NA,4,4,62760,5,2,4,3,5,5,4,4,5,3,3,3,5,5,6,3,5,6,6,3.95,5.142857142857143,2,3,2,1,1,2,3,3,6.5,7,5.5,4,0,0.5
10/5/21 12:38,10/5/21 12:42,0,100,223,1,10/5/21 12:42,anonymous,EN,efce6221407be178cb31ce10047b7ef151ab383f,7,7,7,7,5,4,1,7,7,7,5,4,1,1,1,1,4,4,4,7,7,4,4,4,4,4,4,4,4,4,4,4,4,4,4,4,4,4,4,4,4,4,4,4,4,4,1,7,7,7,7,1,7,7,7,7,0,0,0,0,0,0,0,0,0,0,0,0,0,4,0,0,0,4,33,2,3,NA,4,1,71207,7,1,7,7,7,7,7,7,5,5,4,4,1,1,1,1,4,4,4,4,2.2857142857142856,7,7,4,4,4,4,4,1,7,7,7,7,0,0
10/5/21 14:42,10/5/21 14:46,0,100,205,1,10/5/21 14:46,anonymous,EN,506a9c7f0557dd6c56d1f102b13d689864e04b8b,4,5,5,5,3,4,3,6,6,5,5,4,4,3,2,4,3,5,5,3,2,6,4,4,4,4,4,4,4,4,4,4,4,4,4,4,4,4,4,4,4,4,4,4,4,4,2,7,7,6,4,1,7,7,6,6,0,0,0,1,0,0,2,0,0,0,0,0,0,4,0,0,0,4,46,1,3,NA,5,1,99186,4,3,5,6,5,6,5,5,3,5,4,4,4,3,2,4,3,5,5,4,3.7142857142857144,3,2,6,4,4,4,4,1.5,7,7,6,5,0.3,0
10/5/21 10:38,10/5/21 10:40,0,100,146,1,10/5/21 10:40,anonymous,EN,4523c2a02a376e349fea372cd1fb635ea7dcf90b,5,6,4,5,6,6,3,5,6,4,5,6,4,4,2,1,2,5,4,6,5,2,2,2,6,2,4,4,4,4,4,4,4,4,4,4,4,4,4,4,4,4,4,4,4,4,2,3,6,6,5,2,2,7,6,6,0,0,0,0,3,0,0,3,0,0,0,0,0,4,1,0,1,4,23,2,3,NA,3,2,77939,5,3,6,5,4,6,5,4,6,5,6,6,4,4,2,1,2,5,4,4,3.142857142857143,6,5,2,2,2,6,2,2,2.5,6.5,6,5.5,0.6,0.3333333333333333
10/5/21 10:25,10/5/21 10:30,0,100,266,1,10/5/21 10:30,anonymous,EN,aadbe97722ac00cfd522ab0a02ee1e27b5d5ae1c,5,3,5,4,2,2,2,4,3,4,2,2,5,5,6,4,5,5,5,6,2,5,4,3,2,6,3,1,4,2,1,3,1,2,2,2,2,2,1,3,1,2,4,2,2,2,2,7,3,7,5,3,6,6,6,7,0,0,0,0,2,0,0,2,2,0,0,0,1,4,1,0,2,2,34,1,3,NA,5,3,94789,5,2,3,4,5,3,4,4,2,2,2,2,5,5,6,4,5,5,5,2.1,5,6,2,5,4,3,2,6,2.5,6.5,4.5,6.5,6,0.6,0.6666666666666666
10/5/21 10:33,10/5/21 10:37,0,100,255,1,10/5/21 10:37,anonymous,EN,4e49f44cf4eb3df74846b8aa18307c8e60434bc7,4,4,3,4,5,3,3,3,5,4,3,6,2,5,5,5,2,2,2,4,5,2,2,2,3,4,2,2,3,2,2,3,3,2,2,2,2,2,2,2,2,2,2,1,2,2,3,2,6,2,6,2,2,3,3,5,0,1,1,1,2,1,1,1,1,1,2,1,1,4,1,1,0,4,40,2,3,NA,5,3,32882,4,3,4,3,3,5,4,4,5,3,3,6,2,5,5,5,2,2,2,2.1,3.2857142857142856,4,5,2,2,2,3,4,2.5,2,4.5,2.5,5.5,1,1
10/5/21 12:16,10/5/21 12:25,0,100,538,1,10/5/21 12:25,anonymous,EN,63a72ce3ee9d8a24ec248ae5ed0af3e2d15d08fc,4,4,4,4,2,1,4,4,4,4,1,1,4,4,3,4,1,1,1,4,3,6,6,4,2,6,3,4,4,3,4,4,4,4,4,4,4,4,4,4,4,3,3,4,4,4,3,7,5,7,4,3,5,7,5,4,0,0,0,0,1,0,0,1,1,0,0,0,0,4,0,0,0,6,76,2,3,NA,3,3,94324,4,4,4,4,4,4,4,4,2,1,1,1,4,4,3,4,1,1,1,3.8,2.5714285714285716,4,3,6,6,4,2,6,3,6,6,6,4,0.3,0
10/5/21 10:55,10/5/21 11:01,0,100,363,1,10/5/21 11:01,anonymous,EN,df506c80dde4bac6ebf799e7717781400f21048e,4,5,3,3,2,3,2,4,3,2,2,2,4,2,2,3,5,6,4,4,3,3,2,2,4,4,4,3,4,4,3,4,4,3,3,3,4,3,2,3,2,3,4,2,2,3,5,6,6,6,4,6,5,6,6,6,1,0,1,1,1,0,0,1,0,1,0,0,0,4,0,0,0,2,50,2,3,NA,5,4,99703,4,2,5,4,3,3,3,2,2,2,3,2,4,2,2,3,5,6,4,3.15,3.7142857142857144,4,3,3,2,2,4,4,5.5,5.5,6,6,5,0.6,0
10/5/21 12:49,10/5/21 12:54,0,100,277,1,10/5/21 12:54,anonymous,EN,6af498763e41d33988e899dbd01356ef43091083,6,5,6,6,3,2,3,6,5,4,3,5,1,1,1,1,2,5,6,6,1,7,2,3,7,7,4,4,4,4,4,4,4,4,4,4,4,4,4,4,4,4,4,4,4,4,5,7,7,2,5,5,5,7,5,7,0,0,0,0,0,1,2,0,0,0,3,4,1,4,0,2,0,4,49,1,3,NA,2,2,55089,6,3,5,6,6,5,6,4,3,3,2,5,1,1,1,1,2,5,6,4,2.4285714285714284,6,1,7,2,3,7,7,5,6,7,3.5,6,0.3,1.6666666666666667
10/5/21 11:18,10/5/21 11:22,0,100,251,1,10/5/21 11:22,anonymous,EN,ad569b1ce62bba10cebdd4cf8b4cc66c6fa7f6f7,5,4,3,4,2,3,3,4,2,4,6,5,3,1,1,1,2,2,2,6,2,6,7,7,3,5,4,4,4,4,4,4,4,4,4,4,4,4,4,4,4,4,4,3,4,4,2,7,7,7,5,2,2,3,7,2,0,0,0,0,0,0,0,0,0,0,0,0,0,4,0,0,0,4,44,2,3,NA,5,1,35216,5,3,4,4,3,2,4,4,2,6,3,5,3,1,1,1,2,2,2,3.95,1.7142857142857142,6,2,6,7,7,3,5,2,4.5,5,7,3.5,0,0
10/5/21 12:06,10/5/21 12:12,0,100,393,1,10/5/21 12:12,anonymous,EN,e24557c805f4cae94007264e290d89aa377d3061,4,5,6,5,5,4,3,6,5,4,4,4,4,4,3,3,4,4,4,5,2,3,3,2,2,4,2,4,2,4,4,4,4,4,4,4,4,4,4,4,4,4,4,4,4,4,6,6,6,3,5,3,6,6,4,6,0,0,0,1,0,0,1,0,0,0,2,1,1,4,1,1,2,4,27,1,3,NA,2,3,61610,4,3,5,6,6,5,5,4,5,4,4,4,4,4,3,3,4,4,4,3.8,3.7142857142857144,5,2,3,3,2,2,4,4.5,6,6,3.5,5.5,0.2,1.3333333333333333
10/5/21 11:06,10/5/21 11:10,0,100,239,1,10/5/21 11:10,anonymous,EN,6084f376359c9ed489a8f366f41331968f8f47b0,4,4,4,4,4,4,4,4,4,4,4,4,4,2,2,4,4,4,4,4,2,4,4,4,3,5,3,4,3,4,4,4,4,4,4,4,4,4,4,4,4,4,4,4,4,4,6,6,6,6,6,6,6,6,6,6,0,0,0,0,0,0,0,0,0,0,0,0,0,4,0,0,0,2,61,2,3,NA,5,3,43865,4,4,4,4,4,4,4,4,4,4,4,4,4,2,2,4,4,4,4,3.9,3.4285714285714284,4,2,4,4,4,3,5,6,6,6,6,6,0,0
10/5/21 11:19,10/5/21 11:25,0,100,386,1,10/5/21 11:25,anonymous,EN,bb41d1ea85116e5c1a6d3649cc670c22bdee1a33,6,5,6,4,4,5,2,4,3,3,1,6,1,1,1,1,3,5,4,2,2,2,3,3,6,4,4,4,4,4,4,4,4,4,4,4,4,1,4,4,4,4,4,3,4,4,1,7,7,7,5,1,6,7,7,3,0,0,0,0,0,0,0,1,0,0,0,0,0,4,0,2,0,4,41,2,3,NA,4,1,39045,6,2,5,4,6,3,4,3,4,1,5,6,1,1,1,1,3,5,4,3.8,2.2857142857142856,2,2,2,3,3,6,4,1,6.5,7,7,4,0.1,0.3333333333333333
10/5/21 12:47,10/5/21 12:52,0,100,322,1,10/5/21 12:52,anonymous,EN,e158dfa9d541d5c8be89b140e9814dee7f9102c1,5,6,6,6,5,5,6,6,6,6,6,6,5,5,5,5,6,6,6,2,2,2,2,2,2,6,3,4,4,4,4,4,4,4,4,4,4,4,4,4,4,4,4,4,4,4,6,7,6,7,6,7,6,7,6,7,1,1,0,1,1,0,0,1,0,0,0,0,0,4,0,1,1,6,39,2,3,NA,5,1,94116,5,6,6,6,6,6,6,6,5,6,5,6,5,5,5,5,6,6,6,3.95,5.428571428571429,2,2,2,2,2,2,6,6.5,6.5,6.5,6.5,6.5,0.5,0.3333333333333333
10/5/21 10:24,10/5/21 10:26,0,100,153,1,10/5/21 10:26,anonymous,EN,f61272fa73a97b0c7af3097935986a15ef46f5bf,6,3,6,5,6,6,4,4,3,3,3,3,4,5,5,4,6,5,6,2,2,3,2,2,2,2,4,4,3,3,3,4,4,4,3,4,4,4,4,3,4,4,4,4,4,4,2,6,6,3,5,3,6,4,3,5,0,1,0,0,1,1,2,1,1,1,1,1,1,4,1,0,1,3,27,2,3,NA,5,5,26586,6,4,3,4,6,3,5,3,6,3,6,3,4,5,5,4,6,5,6,3.75,5,2,2,3,2,2,2,2,2.5,6,5,3,5,0.8,0.8333333333333334
10/5/21 11:56,10/5/21 12:00,0,100,201,1,10/5/21 12:00,anonymous,EN,227b5f505c50080c25997be16b008ca293cb3420,6,4,6,6,6,6,6,5,5,6,5,5,3,5,3,4,5,5,5,3,5,3,3,2,3,2,3,3,3,3,3,3,3,3,2,3,3,2,3,2,3,2,2,3,2,2,3,3,4,5,3,5,5,3,5,7,0,1,1,1,1,2,1,2,1,1,3,2,2,4,2,1,1,5,26,2,1,NA,5,3,30123,6,6,4,5,6,5,6,6,6,5,6,5,3,5,3,4,5,5,5,2.65,4.285714285714286,3,5,3,3,2,3,2,4,4,3.5,5,5,1.1,1.8333333333333333
10/5/21 11:38,10/5/21 11:42,0,100,275,1,10/5/21 11:42,anonymous,EN,7b397f93f264cd8529bc01e63b47cb0403beaca6,4,7,7,6,1,1,1,3,4,5,6,6,1,5,3,1,1,1,1,3,5,2,3,3,3,3,1,2,2,2,3,2,4,4,4,2,2,4,4,4,4,2,2,2,3,4,5,7,5,1,7,3,7,1,3,7,2,3,3,3,2,1,3,2,3,3,4,2,0,4,1,2,4,2,42,1,3,NA,2,1,61096,4,1,7,3,7,4,6,5,1,6,1,6,1,5,3,1,1,1,1,2.85,1.8571428571428572,3,5,2,3,3,3,3,4,7,3,2,7,2.5,2.1666666666666665
10/5/21 10:33,10/5/21 10:38,0,100,287,1,10/5/21 10:38,anonymous,EN,2c4fa59f769dbfef88658b094c74307dbf88cc0a,5,5,4,3,3,2,2,3,3,3,5,6,5,6,6,5,4,4,3,5,1,6,5,3,2,6,2,3,2,3,3,4,3,3,3,4,4,4,2,3,4,3,3,4,3,3,7,3,7,6,6,7,5,7,5,6,1,0,0,0,1,0,0,1,0,0,0,0,0,4,0,0,0,7,54,2,3,NA,5,3,23892,5,2,5,3,4,3,3,3,3,5,2,6,5,6,6,5,4,4,3,3.15,4.714285714285714,5,1,6,5,3,2,6,7,4,7,5.5,6,0.3,0
10/5/21 11:30,10/5/21 11:35,0,100,290,1,10/5/21 11:35,anonymous,EN,e4973a9e9d814aac5c466f1b5029fc01eaa53561,7,7,7,7,7,7,7,7,7,7,7,7,3,1,1,1,3,5,5,2,1,6,1,2,2,3,2,4,4,4,4,4,4,4,4,4,4,4,4,4,4,4,4,4,4,4,7,6,3,3,7,7,7,5,5,6,0,0,0,0,0,0,0,0,0,0,0,0,0,4,0,0,0,6,37,1,3,NA,5,5,43939,7,7,7,7,7,7,7,7,7,7,7,7,3,1,1,1,3,5,5,3.9,2.7142857142857144,2,1,6,1,2,2,3,7,6.5,4,4,6.5,0,0
10/5/21 10:39,10/5/21 10:40,0,100,72,1,10/5/21 10:40,anonymous,EN,2b881581565ac88ad2e82a7972c46e318246a98a,5,6,3,5,6,3,2,6,3,7,7,7,6,6,3,7,4,4,2,4,6,6,2,7,4,1,1,2,1,4,4,3,2,3,4,4,4,4,3,2,4,4,4,1,3,2,2,1,3,2,1,6,3,4,5,7,3,3,0,3,0,3,3,1,0,2,4,1,2,4,4,3,4,5,32,2,2,NA,5,3,56733,5,2,6,6,3,3,5,7,6,7,3,7,6,6,3,7,4,4,2,2.95,4.571428571428571,4,6,6,2,7,4,1,4,2,3.5,3.5,4,1.8,3
10/5/21 10:08,10/5/21 10:13,0,100,286,1,10/5/21 10:13,anonymous,EN,0c8362c7c58f04036d13ed55f151cda6fac7ff37,5,4,3,5,2,3,2,5,4,6,5,4,2,3,3,2,4,5,5,6,2,5,3,3,3,4,2,4,2,4,4,4,4,4,3,4,3,4,4,4,4,3,4,2,4,4,2,5,6,2,4,1,6,5,5,4,1,1,2,2,3,3,1,3,1,1,1,0,0,4,0,0,0,4,22,2,3,NA,3,5,53217,5,2,4,5,3,4,5,6,2,5,3,4,2,3,3,2,4,5,5,3.55,3.4285714285714284,6,2,5,3,3,3,4,1.5,5.5,5.5,3.5,4,1.8,0.16666666666666666
10/5/21 12:50,10/5/21 13:00,0,100,613,1,10/5/21 13:00,anonymous,EN,56712b81663ec9cd4c926d6f967422f6dac77093,6,4,6,7,6,2,5,3,4,5,6,5,5,6,5,4,5,4,5,5,2,3,3,4,4,5,3,2,4,2,3,4,3,2,3,3,4,2,1,3,2,4,3,3,4,2,5,4,5,5,6,1,6,3,4,6,1,0,2,2,2,0,0,1,1,1,1,3,2,4,2,1,2,5,29,2,3,NA,5,4,64920,6,5,4,3,6,4,7,5,6,6,2,5,5,6,5,4,5,4,5,2.85,4.857142857142857,5,2,3,3,4,4,5,3,5,4,4.5,6,1,1.8333333333333333
10/5/21 12:06,10/5/21 12:10,0,100,259,1,10/5/21 12:10,anonymous,EN,91a457e7c8baf6589a018e68873d5f73a9d7d99f,5,5,5,5,6,6,4,4,3,4,4,3,4,4,4,2,2,2,2,6,6,6,6,6,4,4,2,2,2,1,1,1,3,1,3,2,3,2,2,2,2,2,2,2,1,1,6,4,6,2,4,2,6,6,5,6,3,3,3,3,0,3,3,0,2,3,0,0,0,4,1,1,1,4,38,2,3,NA,2,1,21217,5,4,5,4,5,3,5,4,6,4,6,3,4,4,4,2,2,2,2,1.85,2.857142857142857,6,6,6,6,6,4,4,4,5,6,3.5,5,2.3,0.5
